/*
	Author: Marc-Andre Bossanyi
	Email: ma.bossanyi@gmail.com
	Creation Date: 2023/12/02
	Last Updated: 2024/01/14
	Genshin Impact - 4.3 (Phase 2)
*/

-- Script INSERT for the table "Element"
INSERT INTO Element (idElement, name, isDeleted) VALUES (1 ,'Anemo', false);
INSERT INTO Element (idElement, name, isDeleted) VALUES (2 ,'Cryo', false);
INSERT INTO Element (idElement, name, isDeleted) VALUES (3 ,'Electro', false);
INSERT INTO Element (idElement, name, isDeleted) VALUES (4 ,'Dendro', false);
INSERT INTO Element (idElement, name, isDeleted) VALUES (5 ,'Geo', false);
INSERT INTO Element (idElement, name, isDeleted) VALUES (6 ,'Hydro', false);
INSERT INTO Element (idElement, name, isDeleted) VALUES (7 ,'Pyro', false);

-- Script INSERT for the table "Weapon"
INSERT INTO Weapon (idWeapon, name, isDeleted) VALUES (1, 'Bow', false);
INSERT INTO Weapon (idWeapon, name, isDeleted) VALUES (2, 'Catalyst', false);
INSERT INTO Weapon (idWeapon, name, isDeleted) VALUES (3, 'Claymore', false);
INSERT INTO Weapon (idWeapon, name, isDeleted) VALUES (4, 'Polearm', false);
INSERT INTO Weapon (idWeapon, name, isDeleted) VALUES (5, 'Sword', false);

-- Script INSERT for the table "Item"
INSERT INTO Item (idItem, name, isDeleted) VALUES (1, 'Archaic Petra', false);
INSERT INTO Item (idItem, name, isDeleted) VALUES (2, 'Berserker', false);
INSERT INTO Item (idItem, name, isDeleted) VALUES (3, 'Blizzard Strayer', false);
INSERT INTO Item (idItem, name, isDeleted) VALUES (4, 'Bloodstained Chivalry', false);
INSERT INTO Item (idItem, name, isDeleted) VALUES (5, 'Brave Heart', false);
INSERT INTO Item (idItem, name, isDeleted) VALUES (6, 'Crimson Witch of Flames', false);
INSERT INTO Item (idItem, name, isDeleted) VALUES (7, 'Deepwood Memories', false);
INSERT INTO Item (idItem, name, isDeleted) VALUES (8, 'Defender''s Will', false);
INSERT INTO Item (idItem, name, isDeleted) VALUES (9, 'Desert Pavilion Chronicle', false);
INSERT INTO Item (idItem, name, isDeleted) VALUES (10, 'Echoes of an Offering', false);
INSERT INTO Item (idItem, name, isDeleted) VALUES (11, 'Emblem of Severed Fate', false);
INSERT INTO Item (idItem, name, isDeleted) VALUES (12, 'Flower of Paradise Lost', false);
INSERT INTO Item (idItem, name, isDeleted) VALUES (13, 'Gambler', false);
INSERT INTO Item (idItem, name, isDeleted) VALUES (14, 'Gladiator''s Finale', false);
INSERT INTO Item (idItem, name, isDeleted) VALUES (15, 'Gilded Dreams', false);
INSERT INTO Item (idItem, name, isDeleted) VALUES (16, 'Golden Troupe', false);
INSERT INTO Item (idItem, name, isDeleted) VALUES (17, 'Heart of Depth', false);
INSERT INTO Item (idItem, name, isDeleted) VALUES (18, 'Husk of Opulent Dreams', false);
INSERT INTO Item (idItem, name, isDeleted) VALUES (19, 'Instructor', false);
INSERT INTO Item (idItem, name, isDeleted) VALUES (20, 'Lavawalker', false);
INSERT INTO Item (idItem, name, isDeleted) VALUES (21, 'Maiden Beloved', false);
INSERT INTO Item (idItem, name, isDeleted) VALUES (22, 'Marechaussee Hunter', false);
INSERT INTO Item (idItem, name, isDeleted) VALUES (23, 'Martial Artist', false);
INSERT INTO Item (idItem, name, isDeleted) VALUES (24, 'Nighttime Whispers in the Echoing Woods', false);
INSERT INTO Item (idItem, name, isDeleted) VALUES (25, 'Noblesse Oblige', false);
INSERT INTO Item (idItem, name, isDeleted) VALUES (26, 'Nymph''s Dream', false);
INSERT INTO Item (idItem, name, isDeleted) VALUES (27, 'Ocean-Hued Clam', false);
INSERT INTO Item (idItem, name, isDeleted) VALUES (28, 'Pale Flame', false);
INSERT INTO Item (idItem, name, isDeleted) VALUES (29, 'Resolution of Sojourner', false);
INSERT INTO Item (idItem, name, isDeleted) VALUES (30, 'Retracing Bolide', false);
INSERT INTO Item (idItem, name, isDeleted) VALUES (31, 'Scholar', false);
INSERT INTO Item (idItem, name, isDeleted) VALUES (32, 'Shimenawa''s Reminiscence', false);
INSERT INTO Item (idItem, name, isDeleted) VALUES (33, 'Song of Days Past', false);
INSERT INTO Item (idItem, name, isDeleted) VALUES (34, 'Tenacity of the Millelith', false);
INSERT INTO Item (idItem, name, isDeleted) VALUES (35, 'The Exile', false);
INSERT INTO Item (idItem, name, isDeleted) VALUES (36, 'Thundering Fury', false);
INSERT INTO Item (idItem, name, isDeleted) VALUES (37, 'Thundersoother', false);
INSERT INTO Item (idItem, name, isDeleted) VALUES (38, 'Tiny Miracle', false);
INSERT INTO Item (idItem, name, isDeleted) VALUES (39, 'Vermillion Hereafter', false);
INSERT INTO Item (idItem, name, isDeleted) VALUES (40, 'Viridescent Venerer', false);
INSERT INTO Item (idItem, name, isDeleted) VALUES (41, 'Vourukasha''s Glow', false);
INSERT INTO Item (idItem, name, isDeleted) VALUES (42, 'Wanderer''s Troupe', false);

-- Script INSERT for the table "ItemsSet"
INSERT INTO ItemsSet (idItem, quantity, description) VALUES (1, 2, 'Gain a 15% Geo DMG Bonus.');
INSERT INTO ItemsSet (idItem, quantity, description) VALUES (1, 4, 'Upon obtaining an Elemental Shard created through a Crystallize Reaction, all party members gain a 35% DMG Bonus for that particular element for 10s. Only one form of Elemental DMG Bonus can be gained in this manner at any one time.');
INSERT INTO ItemsSet (idItem, quantity, description) VALUES (2, 2, 'CRIT Rate +12%');
INSERT INTO ItemsSet (idItem, quantity, description) VALUES (2, 4, 'When HP is below 70%, CRIT Rate increases by an additional 24%.');
INSERT INTO ItemsSet (idItem, quantity, description) VALUES (3, 2, 'Cryo DMG Bonus +15%');
INSERT INTO ItemsSet (idItem, quantity, description) VALUES (3, 4, 'When a character attacks an enemy affected by Cryo, their CRIT Rate is increased by 20%. If the enemy is Frozen, CRIT Rate is increased by an additional 20%.');
INSERT INTO ItemsSet (idItem, quantity, description) VALUES (4, 2, 'Physical DMG +25%');
INSERT INTO ItemsSet (idItem, quantity, description) VALUES (4, 4, 'After defeating an opponent, increases Charged Attack DMG by 50%, and reduces its Stamina cost to 0 for 10s.');
INSERT INTO ItemsSet (idItem, quantity, description) VALUES (5, 2, 'ATK +18%');
INSERT INTO ItemsSet (idItem, quantity, description) VALUES (5, 4, 'Increases DMG by 30% against enemies with more than 50% HP.');
INSERT INTO ItemsSet (idItem, quantity, description) VALUES (6, 2, 'Pyro DMG Bonus +15%');
INSERT INTO ItemsSet (idItem, quantity, description) VALUES (6, 4, 'Increases Overloaded and Burning DMG by 40%. Increases Vaporize and Melt DMG by 15%. Using an Elemental Skill increases 2-Piece Set effects by 50% for 10s. Max 3 stacks.');
INSERT INTO ItemsSet (idItem, quantity, description) VALUES (7, 2, 'Dendro DMG Bonus +15%');
INSERT INTO ItemsSet (idItem, quantity, description) VALUES (7, 4, 'After Elemental Skills or Bursts hit opponents, the targets'' Dendro RES will be decreased by 30% for 8s. This effect can be triggered even if the equipping character is not on the field.');
INSERT INTO ItemsSet (idItem, quantity, description) VALUES (8, 2, 'Base DEF +30%');
INSERT INTO ItemsSet (idItem, quantity, description) VALUES (8, 4, 'Increases Elemental RES by 30% for each element present in the party.');
INSERT INTO ItemsSet (idItem, quantity, description) VALUES (9, 2, 'Anemo DMG Bonus +15%.');
INSERT INTO ItemsSet (idItem, quantity, description) VALUES (9, 4, 'When Charged Attacks hit opponents, the equipping character''s Normal Attack SPD will increase by 10% while Normal, Charged, and Plunging Attack DMG will increase by 40% for 15s.');
INSERT INTO ItemsSet (idItem, quantity, description) VALUES (10, 2, 'ATK +18%');
INSERT INTO ItemsSet (idItem, quantity, description) VALUES (10, 4, 'When Normal Attacks hit opponents, there is a 36% chance that it will trigger Valley Rite, which will increase Normal Attack DMG by 70% of ATK. This effect will be dispelled 0.05s after a Normal Attack deals DMG. If a Normal Attack fails to trigger Valley Rite, the odds of it triggering the next time will increase by 20%. This trigger can occur once every 0.2s.');
INSERT INTO ItemsSet (idItem, quantity, description) VALUES (11, 2, 'Energy Recharge +20%');
INSERT INTO ItemsSet (idItem, quantity, description) VALUES (11, 4, 'Increases Elemental Burst DMG by 25% of Energy Recharge. A maximum of 75% bonus DMG can be obtained in this way.');
INSERT INTO ItemsSet (idItem, quantity, description) VALUES (12, 2, 'Increases Elemental Mastery by 80.');
INSERT INTO ItemsSet (idItem, quantity, description) VALUES (12, 4, 'The equipping character''s Bloom, Hyperbloom, and Burgeon reaction DMG are increased by 40%. Additionally, after the equipping character triggers Bloom, Hyperbloom, or Burgeon, they will gain another 25% bonus to the effect mentioned prior. Each stack of this lasts 10s. Max 4 stacks simultaneously. This effect can only be triggered once per second. The character who equips this can still trigger its effects when not on the field.');
INSERT INTO ItemsSet (idItem, quantity, description) VALUES (13, 2, 'Elemental Skill DMG increased by 20%');
INSERT INTO ItemsSet (idItem, quantity, description) VALUES (13, 4, 'Defeating an enemy has 100% chance to remove Elemental Skill CD. Can only occur once every 15s.');
INSERT INTO ItemsSet (idItem, quantity, description) VALUES (14, 2, 'ATK +18%');
INSERT INTO ItemsSet (idItem, quantity, description) VALUES (14, 4, 'If the wielder of this artifact set uses a Sword, Claymore or Polearm, increases their Normal Attack DMG by 35%.');
INSERT INTO ItemsSet (idItem, quantity, description) VALUES (15, 2, 'Elemental Mastery +80');
INSERT INTO ItemsSet (idItem, quantity, description) VALUES (15, 4, 'Within 8s of triggering an Elemental Reaction, the character equipping this will obtain buffs based on the Elemental Type of the other party members, ATK is increased by 14% for each party member whose Elemental Type is the same as the equipping character, and Elemental Mastery is increased by 50 for every party member with a different Elemental Type. Each of the aforementioned buffs will count up to 3 characters. This effect can be triggered once every 8s. The character who equips this can still trigger its effects when not on the field.');
INSERT INTO ItemsSet (idItem, quantity, description) VALUES (16, 2, 'Increases Elemental Skill DMG by 20%.');
INSERT INTO ItemsSet (idItem, quantity, description) VALUES (16, 4, 'Increases Elemental Skill DMG by 25%. Additionally, when not on the field, Elemental Skill DMG will be further increased by 25%. This effect will be cleared 2s after taking the field.');
INSERT INTO ItemsSet (idItem, quantity, description) VALUES (17, 2, 'Hydro DMG Bonus +15%');
INSERT INTO ItemsSet (idItem, quantity, description) VALUES (17, 4, 'After using Elemental Skill, increases Normal Attack and Charged Attack DMG by 30% for 15s.');
INSERT INTO ItemsSet (idItem, quantity, description) VALUES (18, 2, 'DEF +30%');
INSERT INTO ItemsSet (idItem, quantity, description) VALUES (18, 4, 'A character equipped with this Artifact set will obtain the Curiosity effect in the following conditions: When on the field, the character gains 1 stack after hitting an opponent with a Geo attack, triggering a maximum of once every 0.3s. When off the field, the character gains 1 stack every 3s. Curiosity can stack up to 4 times, each providing 6% DEF and a 6% Geo DMG Bonus. When 6 seconds pass without gaining a Curiosity stack, 1 stack is lost.');
INSERT INTO ItemsSet (idItem, quantity, description) VALUES (19, 2, 'Increases Elemental Mastery by 80.');
INSERT INTO ItemsSet (idItem, quantity, description) VALUES (19, 4, 'After using Elemental Skill, increases all party members'' Elemental Mastery by 120 for 8s.');
INSERT INTO ItemsSet (idItem, quantity, description) VALUES (20, 2, 'Pyro RES increased by 40%');
INSERT INTO ItemsSet (idItem, quantity, description) VALUES (20, 4, 'Increases DMG against enemies that are Burning or affected by Pyro by 35%.');
INSERT INTO ItemsSet (idItem, quantity, description) VALUES (21, 2, 'Character Healing Effectiveness +15%');
INSERT INTO ItemsSet (idItem, quantity, description) VALUES (21, 4, 'Using an Elemental Skill or Burst increases healing received by all party members by 20% for 10s.');
INSERT INTO ItemsSet (idItem, quantity, description) VALUES (22, 2, 'Normal and Charged Attack DMG +15%.');
INSERT INTO ItemsSet (idItem, quantity, description) VALUES (22, 4, 'When current HP increases or decreases, CRIT Rate will be increased by 12% for 5s. Max 3 stacks.');
INSERT INTO ItemsSet (idItem, quantity, description) VALUES (23, 2, 'Increases Normal Attack and Charged Attack DMG by 15%.');
INSERT INTO ItemsSet (idItem, quantity, description) VALUES (23, 4, 'After using Elemental Skill, increases Normal Attack and Charged Attack DMG by 25% for 8s.');
INSERT INTO ItemsSet (idItem, quantity, description) VALUES (24, 2, 'ATK +18%');
INSERT INTO ItemsSet (idItem, quantity, description) VALUES (24, 4, 'After using an Elemental Skill, gain a 20% Geo DMG Bonus for 10s. While under a shield granted by the Crystallize reaction, the above effect will be increased by 150%, and this additional increase disappears 1s after that shield is lost.');
INSERT INTO ItemsSet (idItem, quantity, description) VALUES (25, 2, 'Elemental Burst DMG +20%');
INSERT INTO ItemsSet (idItem, quantity, description) VALUES (25, 4, 'Using an Elemental Burst increase all party members'' ATK by 20% for 12s. This effect cannot stack.');
INSERT INTO ItemsSet (idItem, quantity, description) VALUES (26, 2, 'Hydro DMG Bonus +15%');
INSERT INTO ItemsSet (idItem, quantity, description) VALUES (26, 4, 'After Normal, Charged, and Plunging Attacks, Elemental Skills, and Elemental Bursts hit opponents. 1 stack of Mirrored Nymph will triggered, lasting 8s. When under the effect of 1, 2, or 3 or more Mirrored Nymph stacks, ATK will be increased by 7%/16%/25%, and Hydro DMG will be increased by 4%/9%/15% Mirrored Nymph created by Normal, Charged, and Plunging Attacks, Elemental Skills, and Elemental Bursts exist independently.');
INSERT INTO ItemsSet (idItem, quantity, description) VALUES (27, 2, 'Healing Bonus +15%');
INSERT INTO ItemsSet (idItem, quantity, description) VALUES (27, 4, 'When the character equipping this artifact set heals a character in the party, a Sea-Dyed Foam will appear for 3 seconds, accumulating the amount of HP recovered from healing (including overflow healing). At the end of the duration, the Sea-Dyed Foam will explode, dealing DMG to nearby opponents based on 90% of the accumulated healing. (This DMG is calculated similarly to Reactions such as Electro-Charged, and Superconduct, but it is not affected by Elemental Mastery, Character Levels, or Reaction DMG Bonuses). Only one Sea-Dyed Foam can be produced every 3.5 seconds. Each Sea-Dyed Foam can accumulate up to 30,000 HP (including overflow healing). There can be no more than one Sea-Dyed Foam active at any given time. This effect can still be triggered even when the character who is using this artifact set is not on the field.');
INSERT INTO ItemsSet (idItem, quantity, description) VALUES (28, 2, 'Physical DMG +25%');
INSERT INTO ItemsSet (idItem, quantity, description) VALUES (28, 4, 'When an Elemental Skill hits an opponent, ATK is increased by 9% for 7s. This effect stacks up to 2 times and can be triggered once every 0.3s. Once 2 stacks are reached, the 2-set effect is increased by 100%.');
INSERT INTO ItemsSet (idItem, quantity, description) VALUES (29, 2, 'ATK +18%');
INSERT INTO ItemsSet (idItem, quantity, description) VALUES (29, 4, 'Increases Charged Attack CRIT Rate by 30%.');
INSERT INTO ItemsSet (idItem, quantity, description) VALUES (30, 2, 'Increases Shield Strength by 35%.');
INSERT INTO ItemsSet (idItem, quantity, description) VALUES (30, 4, 'While protected by a shield, gain an additional 40% Normal and Charged Attack DMG.');
INSERT INTO ItemsSet (idItem, quantity, description) VALUES (31, 2, 'Energy Recharge +20%');
INSERT INTO ItemsSet (idItem, quantity, description) VALUES (31, 4, 'Gaining Energy gives 3 Energy to all party members who have a bow or a catalyst equipped. Can only occurs once every 3s.');
INSERT INTO ItemsSet (idItem, quantity, description) VALUES (32, 2, 'ATK +18%');
INSERT INTO ItemsSet (idItem, quantity, description) VALUES (32, 4, 'When casting an Elemental Skill, if the character has 15 or more Energy, they lose 15 Energy and Normal/Charged/Plunging Attack DMG is increased by 50% for 10s.');
INSERT INTO ItemsSet (idItem, quantity, description) VALUES (33, 2, 'Healing Bonus +15%');
INSERT INTO ItemsSet (idItem, quantity, description) VALUES (33, 4, 'When the equipping character heals a party member, the Yearning effect will be created for 6s, which records the total amount of healing provided (including overflow healing). When the duration expires, the Yearning effect will be transformed into the "Waves of Days Past" effect: When your active party member hits an opponent with a Normal Attack, Charged Attack, Plunging Attack, Elemental Skill, or Elemental Burst, the DMG dealt will be increased by 8% of the total healing amount recorded by the Yearning effect. The "Waves of Days Past" effect is removed after it has taken effect 5 times or after 10s. A single instance of the Yearning effect can record up to 15,000 healing, and only a single instance can exist at once, but it can record the healing from multiple equipping characters. Equipping characters on standby can still trigger this effect.');
INSERT INTO ItemsSet (idItem, quantity, description) VALUES (34, 2, 'HP +20%');
INSERT INTO ItemsSet (idItem, quantity, description) VALUES (34, 4, 'When an Elemental Skill hits an opponent, the ATK of all nearby party members is increased by 20% and their Shield Strength is increased by 30% for 3s. This effect can be triggered once every 0.5s. This effect can still be triggered even when the character who is using this artifact set is not on the field.');
INSERT INTO ItemsSet (idItem, quantity, description) VALUES (35, 2, 'Energy Recharge +20%');
INSERT INTO ItemsSet (idItem, quantity, description) VALUES (35, 4, 'Using an Elemental Burst regenerates 2 Energy for other party members every 2s for 6s. This effect cannot stack.');
INSERT INTO ItemsSet (idItem, quantity, description) VALUES (36, 2, 'Gain a 15% Electro DMG Bonus.');
INSERT INTO ItemsSet (idItem, quantity, description) VALUES (36, 4, 'Increases DMG caused by Overloaded, Electro-Charged, Superconduct, and Hyperbloom by 40%, and the DMG Bonus conferred by Aggravate is increased by 20%. When Quicken or the aforementioned Elemental Reactions are triggered, Elemental Skill CD is decreased by 1s. Can only occur once every 0.8s.');
INSERT INTO ItemsSet (idItem, quantity, description) VALUES (37, 2, 'Electro RES increased by 40%');
INSERT INTO ItemsSet (idItem, quantity, description) VALUES (37, 4, 'Increases DMG against enemies affected by Electro by 35%.');
INSERT INTO ItemsSet (idItem, quantity, description) VALUES (38, 2, 'All Elemental RES increased by 20%');
INSERT INTO ItemsSet (idItem, quantity, description) VALUES (38, 4, 'Incoming elemental DMG increases corresponding Elemental RES by 30% for 10s. Can only occur once every 10s.');
INSERT INTO ItemsSet (idItem, quantity, description) VALUES (39, 2, 'ATK +18%');
INSERT INTO ItemsSet (idItem, quantity, description) VALUES (39, 4, 'After using an Elemental Burst. this character will gain the Nascent Light effect, increasing their ATK by 8% for 16s. When the character''s HP decreases, their ATK will further increase by 10%. This increase can occur this way maximum of 4 times. This effect can be triggered once every 0.8s. Nascent Light will be dispelled when the character leaves the field. If an Elemental Burst is used again during the duration of Nascent Light, the original Nascent Light will be dispelled.');
INSERT INTO ItemsSet (idItem, quantity, description) VALUES (40, 2, 'Gain a 15% Anemo DMG Bonus.');
INSERT INTO ItemsSet (idItem, quantity, description) VALUES (40, 4, 'Increases Swirl DMG by 60%. Decreases opponent''s Elemental RES to the element infused in the Swirl by 40% for 10s.');
INSERT INTO ItemsSet (idItem, quantity, description) VALUES (41, 2, 'HP +20%');
INSERT INTO ItemsSet (idItem, quantity, description) VALUES (41, 4, 'Elemental Skill and Elemental Burst DMG will be increased by 10%. After the equipping character takes DMG, the aforementioned DMG Bonus is increased by 80% for 5s. This effect increase can have 5 stacks. The duration of each stack is counted independently. These effects can be triggered even when the equipping character is not on the field.');
INSERT INTO ItemsSet (idItem, quantity, description) VALUES (42, 2, 'Elemental Mastery +80');
INSERT INTO ItemsSet (idItem, quantity, description) VALUES (42, 4, 'Increases Charged Attack DMG by 35% if the character uses a Catalyst or Bow.');

-- Script INSERT for the table "Stat"
INSERT INTO Stat (idStat, name, isDeleted) VALUES (1, 'ATK', false);
INSERT INTO Stat (idStat, name, isDeleted) VALUES (2, 'ATK%', false);
INSERT INTO Stat (idStat, name, isDeleted) VALUES (3, 'ATK% / CRIT DMG', false);
INSERT INTO Stat (idStat, name, isDeleted) VALUES (4, 'ATK% / DEF%', false);
INSERT INTO Stat (idStat, name, isDeleted) VALUES (5, 'ATK% / Electro DMG', false);
INSERT INTO Stat (idStat, name, isDeleted) VALUES (6, 'ATK% / Elemental Mastery', false);
INSERT INTO Stat (idStat, name, isDeleted) VALUES (7, 'ATK% / Elemental Mastery / Energy Recharge', false);
INSERT INTO Stat (idStat, name, isDeleted) VALUES (8, 'ATK% / Energy Recharge', false);
INSERT INTO Stat (idStat, name, isDeleted) VALUES (9, 'ATK% / Healing Bonus', false);
INSERT INTO Stat (idStat, name, isDeleted) VALUES (10, 'ATK% / Hydro DMG', false);
INSERT INTO Stat (idStat, name, isDeleted) VALUES (11, 'Anemo DMG', false);
INSERT INTO Stat (idStat, name, isDeleted) VALUES (12, 'Anemo DMG / Elemental Mastery', false);
INSERT INTO Stat (idStat, name, isDeleted) VALUES (13, 'CRIT DMG', false);
INSERT INTO Stat (idStat, name, isDeleted) VALUES (14, 'CRIT DMG / CRIT Rate', false);
INSERT INTO Stat (idStat, name, isDeleted) VALUES (15, 'CRIT DMG / CRIT Rate / DEF%', false);
INSERT INTO Stat (idStat, name, isDeleted) VALUES (16, 'CRIT DMG / CRIT Rate / Elemental Mastery', false);
INSERT INTO Stat (idStat, name, isDeleted) VALUES (17, 'CRIT Rate', false);
INSERT INTO Stat (idStat, name, isDeleted) VALUES (18, 'Cryo DMG', false);
INSERT INTO Stat (idStat, name, isDeleted) VALUES (19, 'DEF', false);
INSERT INTO Stat (idStat, name, isDeleted) VALUES (20, 'DEF%', false);
INSERT INTO Stat (idStat, name, isDeleted) VALUES (21, 'DEF% / Energy Recharge', false);
INSERT INTO Stat (idStat, name, isDeleted) VALUES (22, 'Dendro DMG', false);
INSERT INTO Stat (idStat, name, isDeleted) VALUES (23, 'Electro DMG', false);
INSERT INTO Stat (idStat, name, isDeleted) VALUES (24, 'Elemental Mastery', false);
INSERT INTO Stat (idStat, name, isDeleted) VALUES (25, 'Elemental Mastery / Energy Recharge', false);
INSERT INTO Stat (idStat, name, isDeleted) VALUES (26, 'Elemental Mastery / Energy Recharge / HP%', false);
INSERT INTO Stat (idStat, name, isDeleted) VALUES (27, 'Elemental Mastery / HP%', false);
INSERT INTO Stat (idStat, name, isDeleted) VALUES (28, 'Elemental Mastery / HP% / Healing Bonus', false);
INSERT INTO Stat (idStat, name, isDeleted) VALUES (29, 'Elemental Mastery / Healing Bonus', false);
INSERT INTO Stat (idStat, name, isDeleted) VALUES (30, 'Energy Recharge', false);
INSERT INTO Stat (idStat, name, isDeleted) VALUES (31, 'Energy Recharge / HP%', false);
INSERT INTO Stat (idStat, name, isDeleted) VALUES (32, 'Geo DMG', false);
INSERT INTO Stat (idStat, name, isDeleted) VALUES (33, 'HP', false);
INSERT INTO Stat (idStat, name, isDeleted) VALUES (34, 'HP%', false);
INSERT INTO Stat (idStat, name, isDeleted) VALUES (35, 'HP% / Healing Bonus', false);
INSERT INTO Stat (idStat, name, isDeleted) VALUES (36, 'Healing Bonus', false);
INSERT INTO Stat (idStat, name, isDeleted) VALUES (37, 'Hydro DMG', false);
INSERT INTO Stat (idStat, name, isDeleted) VALUES (38, 'Physical DMG', false);
INSERT INTO Stat (idStat, name, isDeleted) VALUES (39, 'Pyro DMG', false);

-- Script INSERT for the table "Slot"
INSERT INTO Slot (idSlot, name, isDeleted) VALUES (1, 'Sands', false);
INSERT INTO Slot (idSlot, name, isDeleted) VALUES (2, 'Goblet', false);
INSERT INTO Slot (idSlot, name, isDeleted) VALUES (3, 'Circlet', false);
INSERT INTO Slot (idSlot, name, isDeleted) VALUES (4, 'Substat 1', false);
INSERT INTO Slot (idSlot, name, isDeleted) VALUES (5, 'Substat 2', false);
INSERT INTO Slot (idSlot, name, isDeleted) VALUES (6, 'Substat 3', false);
INSERT INTO Slot (idSlot, name, isDeleted) VALUES (7, 'Artifact 1', false);
INSERT INTO Slot (idSlot, name, isDeleted) VALUES (8, 'Artifact 2', false);
INSERT INTO Slot (idSlot, name, isDeleted) VALUES (9, 'Artifact 3', false);
INSERT INTO Slot (idSlot, name, isDeleted) VALUES (10, 'Artifact 4', false);
INSERT INTO Slot (idSlot, name, isDeleted) VALUES (11, 'Artifact 5', false);

-- Script INSERT for the table "Character"
INSERT INTO Character (idCharacter, name, rarity, idElement, idWeapon, isOwned, isDeleted) VALUES (1, 'Albedo', 5, 5, 5, false, false);
INSERT INTO Character (idCharacter, name, rarity, idElement, idWeapon, isOwned, isDeleted) VALUES (2, 'Alhaitham', 5, 4, 5, false, false);
INSERT INTO Character (idCharacter, name, rarity, idElement, idWeapon, isOwned, isDeleted) VALUES (3, 'Aloy', 5, 2, 1, false, false);
INSERT INTO Character (idCharacter, name, rarity, idElement, idWeapon, isOwned, isDeleted) VALUES (4, 'Ayaka', 5, 2, 5, false, false);
INSERT INTO Character (idCharacter, name, rarity, idElement, idWeapon, isOwned, isDeleted) VALUES (5, 'Ayato', 5, 6, 5, false, false);
INSERT INTO Character (idCharacter, name, rarity, idElement, idWeapon, isOwned, isDeleted) VALUES (6, 'Baizhu', 5, 4, 2, false, false);
INSERT INTO Character (idCharacter, name, rarity, idElement, idWeapon, isOwned, isDeleted) VALUES (7, 'Childe', 5, 6, 1, false, false);
INSERT INTO Character (idCharacter, name, rarity, idElement, idWeapon, isOwned, isDeleted) VALUES (8, 'Cyno', 5, 3, 4, false, false);
INSERT INTO Character (idCharacter, name, rarity, idElement, idWeapon, isOwned, isDeleted) VALUES (9, 'Diluc', 5, 7, 3, false, false);
INSERT INTO Character (idCharacter, name, rarity, idElement, idWeapon, isOwned, isDeleted) VALUES (10, 'Eula', 5, 2, 3, false, false);
INSERT INTO Character (idCharacter, name, rarity, idElement, idWeapon, isOwned, isDeleted) VALUES (11, 'Furina', 5, 6, 5, false, false);
INSERT INTO Character (idCharacter, name, rarity, idElement, idWeapon, isOwned, isDeleted) VALUES (12, 'Ganyu', 5, 2, 1, false, false);
INSERT INTO Character (idCharacter, name, rarity, idElement, idWeapon, isOwned, isDeleted) VALUES (13, 'Hu Tao', 5, 7, 4, false, false);
INSERT INTO Character (idCharacter, name, rarity, idElement, idWeapon, isOwned, isDeleted) VALUES (14, 'Itto', 5, 5, 3, false, false);
INSERT INTO Character (idCharacter, name, rarity, idElement, idWeapon, isOwned, isDeleted) VALUES (15, 'Jean', 5, 1, 5, false, false);
INSERT INTO Character (idCharacter, name, rarity, idElement, idWeapon, isOwned, isDeleted) VALUES (16, 'Kazuha', 5, 1, 5, false, false);
INSERT INTO Character (idCharacter, name, rarity, idElement, idWeapon, isOwned, isDeleted) VALUES (17, 'Keqing', 5, 3, 5, false, false);
INSERT INTO Character (idCharacter, name, rarity, idElement, idWeapon, isOwned, isDeleted) VALUES (18, 'Klee', 5, 7, 2, false, false);
INSERT INTO Character (idCharacter, name, rarity, idElement, idWeapon, isOwned, isDeleted) VALUES (19, 'Kokomi', 5, 6, 2, false, false);
INSERT INTO Character (idCharacter, name, rarity, idElement, idWeapon, isOwned, isDeleted) VALUES (20, 'Lyney', 5, 7, 1, false, false);
INSERT INTO Character (idCharacter, name, rarity, idElement, idWeapon, isOwned, isDeleted) VALUES (21, 'Mona', 5, 6, 2, false, false);
INSERT INTO Character (idCharacter, name, rarity, idElement, idWeapon, isOwned, isDeleted) VALUES (22, 'Nahida', 5, 4, 2, false, false);
INSERT INTO Character (idCharacter, name, rarity, idElement, idWeapon, isOwned, isDeleted) VALUES (23, 'Navia', 5, 5, 3, false, false);
INSERT INTO Character (idCharacter, name, rarity, idElement, idWeapon, isOwned, isDeleted) VALUES (24, 'Neuvillette', 5, 6, 2, false, false);
INSERT INTO Character (idCharacter, name, rarity, idElement, idWeapon, isOwned, isDeleted) VALUES (25, 'Nilou', 5, 6, 5, false, false);
INSERT INTO Character (idCharacter, name, rarity, idElement, idWeapon, isOwned, isDeleted) VALUES (26, 'Qiqi', 5, 2, 5, false, false);
INSERT INTO Character (idCharacter, name, rarity, idElement, idWeapon, isOwned, isDeleted) VALUES (27, 'Raiden', 5, 3, 4, false, false);
INSERT INTO Character (idCharacter, name, rarity, idElement, idWeapon, isOwned, isDeleted) VALUES (28, 'Shenhe', 5, 2, 4, false, false);
INSERT INTO Character (idCharacter, name, rarity, idElement, idWeapon, isOwned, isDeleted) VALUES (29, 'Tighnari', 5, 4, 1, false, false);
INSERT INTO Character (idCharacter, name, rarity, idElement, idWeapon, isOwned, isDeleted) VALUES (30, 'Traveler (Anemo)', 5, 1, 5, false, false);
INSERT INTO Character (idCharacter, name, rarity, idElement, idWeapon, isOwned, isDeleted) VALUES (31, 'Traveler (Dendro)', 5, 4, 5, false, false);
INSERT INTO Character (idCharacter, name, rarity, idElement, idWeapon, isOwned, isDeleted) VALUES (32, 'Traveler (Electro)', 5, 3, 5, false, false);
INSERT INTO Character (idCharacter, name, rarity, idElement, idWeapon, isOwned, isDeleted) VALUES (33, 'Traveler (Geo)', 5, 5, 5, false, false);
INSERT INTO Character (idCharacter, name, rarity, idElement, idWeapon, isOwned, isDeleted) VALUES (34, 'Venti', 5, 1, 1, false, false);
INSERT INTO Character (idCharacter, name, rarity, idElement, idWeapon, isOwned, isDeleted) VALUES (35, 'Wanderer', 5, 1, 2, false, false);
INSERT INTO Character (idCharacter, name, rarity, idElement, idWeapon, isOwned, isDeleted) VALUES (36, 'Wriothesley', 5, 2, 2, false, false);
INSERT INTO Character (idCharacter, name, rarity, idElement, idWeapon, isOwned, isDeleted) VALUES (37, 'Xiao', 5, 1, 4, false, false);
INSERT INTO Character (idCharacter, name, rarity, idElement, idWeapon, isOwned, isDeleted) VALUES (38, 'Yae Miko', 5, 3, 2, false, false);
INSERT INTO Character (idCharacter, name, rarity, idElement, idWeapon, isOwned, isDeleted) VALUES (39, 'Yelan', 5, 6, 1, false, false);
INSERT INTO Character (idCharacter, name, rarity, idElement, idWeapon, isOwned, isDeleted) VALUES (40, 'Yoimiya', 5, 7, 1, false, false);
INSERT INTO Character (idCharacter, name, rarity, idElement, idWeapon, isOwned, isDeleted) VALUES (41, 'Zhongli', 5, 5, 4, false, false);
INSERT INTO Character (idCharacter, name, rarity, idElement, idWeapon, isOwned, isDeleted) VALUES (42, 'Amber', 4, 7, 1, false, false);
INSERT INTO Character (idCharacter, name, rarity, idElement, idWeapon, isOwned, isDeleted) VALUES (43, 'Barbara', 4, 6, 2, false, false);
INSERT INTO Character (idCharacter, name, rarity, idElement, idWeapon, isOwned, isDeleted) VALUES (44, 'Beidou', 4, 3, 3, false, false);
INSERT INTO Character (idCharacter, name, rarity, idElement, idWeapon, isOwned, isDeleted) VALUES (45, 'Bennett', 4, 7, 5, false, false);
INSERT INTO Character (idCharacter, name, rarity, idElement, idWeapon, isOwned, isDeleted) VALUES (46, 'Candace', 4, 6, 4, false, false);
INSERT INTO Character (idCharacter, name, rarity, idElement, idWeapon, isOwned, isDeleted) VALUES (47, 'Charlotte', 4, 2, 2, false, false);
INSERT INTO Character (idCharacter, name, rarity, idElement, idWeapon, isOwned, isDeleted) VALUES (48, 'Chevreuse', 4, 7, 4, false, false);
INSERT INTO Character (idCharacter, name, rarity, idElement, idWeapon, isOwned, isDeleted) VALUES (49, 'Chongyun', 4, 2, 3, false, false);
INSERT INTO Character (idCharacter, name, rarity, idElement, idWeapon, isOwned, isDeleted) VALUES (50, 'Collei', 4, 4, 1, false, false);
INSERT INTO Character (idCharacter, name, rarity, idElement, idWeapon, isOwned, isDeleted) VALUES (51, 'Diona', 4, 2, 1, false, false);
INSERT INTO Character (idCharacter, name, rarity, idElement, idWeapon, isOwned, isDeleted) VALUES (52, 'Dori', 4, 3, 3, false, false);
INSERT INTO Character (idCharacter, name, rarity, idElement, idWeapon, isOwned, isDeleted) VALUES (53, 'Faruzan', 4, 1, 1, false, false);
INSERT INTO Character (idCharacter, name, rarity, idElement, idWeapon, isOwned, isDeleted) VALUES (54, 'Fischl', 4, 3, 1, false, false);
INSERT INTO Character (idCharacter, name, rarity, idElement, idWeapon, isOwned, isDeleted) VALUES (55, 'Freminet', 4, 2, 3, false, false);
INSERT INTO Character (idCharacter, name, rarity, idElement, idWeapon, isOwned, isDeleted) VALUES (56, 'Gorou', 4, 5, 1, false, false);
INSERT INTO Character (idCharacter, name, rarity, idElement, idWeapon, isOwned, isDeleted) VALUES (57, 'Heizou', 4, 1, 2, false, false);
INSERT INTO Character (idCharacter, name, rarity, idElement, idWeapon, isOwned, isDeleted) VALUES (58, 'Kaeya', 4, 2, 5, false, false);
INSERT INTO Character (idCharacter, name, rarity, idElement, idWeapon, isOwned, isDeleted) VALUES (59, 'Kaveh', 4, 4, 3, false, false);
INSERT INTO Character (idCharacter, name, rarity, idElement, idWeapon, isOwned, isDeleted) VALUES (60, 'Kirara', 4, 4, 5, false, false);
INSERT INTO Character (idCharacter, name, rarity, idElement, idWeapon, isOwned, isDeleted) VALUES (61, 'Kuki Shinobu', 4, 3, 5, false, false);
INSERT INTO Character (idCharacter, name, rarity, idElement, idWeapon, isOwned, isDeleted) VALUES (62, 'Layla', 4, 2, 5, false, false);
INSERT INTO Character (idCharacter, name, rarity, idElement, idWeapon, isOwned, isDeleted) VALUES (63, 'Lisa', 4, 3, 2, false, false);
INSERT INTO Character (idCharacter, name, rarity, idElement, idWeapon, isOwned, isDeleted) VALUES (64, 'Lynette', 4, 1, 5, false, false);
INSERT INTO Character (idCharacter, name, rarity, idElement, idWeapon, isOwned, isDeleted) VALUES (65, 'Mika', 4, 2, 4, false, false);
INSERT INTO Character (idCharacter, name, rarity, idElement, idWeapon, isOwned, isDeleted) VALUES (66, 'Ningguang', 4, 5, 2, false, false);
INSERT INTO Character (idCharacter, name, rarity, idElement, idWeapon, isOwned, isDeleted) VALUES (67, 'Noelle', 4, 5, 3, false, false);
INSERT INTO Character (idCharacter, name, rarity, idElement, idWeapon, isOwned, isDeleted) VALUES (68, 'Razor', 4, 3, 3, false, false);
INSERT INTO Character (idCharacter, name, rarity, idElement, idWeapon, isOwned, isDeleted) VALUES (69, 'Rosaria', 4, 2, 4, false, false);
INSERT INTO Character (idCharacter, name, rarity, idElement, idWeapon, isOwned, isDeleted) VALUES (70, 'Sara', 4, 3, 1, false, false);
INSERT INTO Character (idCharacter, name, rarity, idElement, idWeapon, isOwned, isDeleted) VALUES (71, 'Sayu', 4, 1, 3, false, false);
INSERT INTO Character (idCharacter, name, rarity, idElement, idWeapon, isOwned, isDeleted) VALUES (72, 'Sucrose', 4, 1, 2, false, false);
INSERT INTO Character (idCharacter, name, rarity, idElement, idWeapon, isOwned, isDeleted) VALUES (73, 'Thoma', 4, 7, 4, false, false);
INSERT INTO Character (idCharacter, name, rarity, idElement, idWeapon, isOwned, isDeleted) VALUES (74, 'Xiangling', 4, 7, 4, false, false);
INSERT INTO Character (idCharacter, name, rarity, idElement, idWeapon, isOwned, isDeleted) VALUES (75, 'Xingqiu', 4, 6, 5, false, false);
INSERT INTO Character (idCharacter, name, rarity, idElement, idWeapon, isOwned, isDeleted) VALUES (76, 'Xinyan', 4, 7, 3, false, false);
INSERT INTO Character (idCharacter, name, rarity, idElement, idWeapon, isOwned, isDeleted) VALUES (77, 'Yanfei', 4, 7, 2, false, false);
INSERT INTO Character (idCharacter, name, rarity, idElement, idWeapon, isOwned, isDeleted) VALUES (78, 'Yaoyao', 4, 4, 4, false, false);
INSERT INTO Character (idCharacter, name, rarity, idElement, idWeapon, isOwned, isDeleted) VALUES (79, 'Yun Jin', 4, 5, 4, false, false);

-- Script INSERT for the table "CharacterStat"
INSERT INTO CharacterStat (idCharacter, idSlot, idStat) VALUES (1, 1, 20);
INSERT INTO CharacterStat (idCharacter, idSlot, idStat) VALUES (1, 2, 32);
INSERT INTO CharacterStat (idCharacter, idSlot, idStat) VALUES (1, 3, 15);
INSERT INTO CharacterStat (idCharacter, idSlot, idStat) VALUES (1, 4, 14);
INSERT INTO CharacterStat (idCharacter, idSlot, idStat) VALUES (1, 5, 20);
INSERT INTO CharacterStat (idCharacter, idSlot, idStat) VALUES (1, 6, 2);
INSERT INTO CharacterStat (idCharacter, idSlot, idStat) VALUES (2, 1, 6);
INSERT INTO CharacterStat (idCharacter, idSlot, idStat) VALUES (2, 2, 22);
INSERT INTO CharacterStat (idCharacter, idSlot, idStat) VALUES (2, 3, 14);
INSERT INTO CharacterStat (idCharacter, idSlot, idStat) VALUES (2, 4, 30);
INSERT INTO CharacterStat (idCharacter, idSlot, idStat) VALUES (2, 5, 14);
INSERT INTO CharacterStat (idCharacter, idSlot, idStat) VALUES (2, 6, 24);
INSERT INTO CharacterStat (idCharacter, idSlot, idStat) VALUES (3, 1, 6);
INSERT INTO CharacterStat (idCharacter, idSlot, idStat) VALUES (3, 2, 18);
INSERT INTO CharacterStat (idCharacter, idSlot, idStat) VALUES (3, 3, 14);
INSERT INTO CharacterStat (idCharacter, idSlot, idStat) VALUES (3, 4, 14);
INSERT INTO CharacterStat (idCharacter, idSlot, idStat) VALUES (3, 5, 2);
INSERT INTO CharacterStat (idCharacter, idSlot, idStat) VALUES (3, 6, 24);
INSERT INTO CharacterStat (idCharacter, idSlot, idStat) VALUES (4, 1, 2);
INSERT INTO CharacterStat (idCharacter, idSlot, idStat) VALUES (4, 2, 18);
INSERT INTO CharacterStat (idCharacter, idSlot, idStat) VALUES (4, 3, 3);
INSERT INTO CharacterStat (idCharacter, idSlot, idStat) VALUES (4, 4, 13);
INSERT INTO CharacterStat (idCharacter, idSlot, idStat) VALUES (4, 5, 2);
INSERT INTO CharacterStat (idCharacter, idSlot, idStat) VALUES (4, 6, 30);
INSERT INTO CharacterStat (idCharacter, idSlot, idStat) VALUES (5, 1, 2);
INSERT INTO CharacterStat (idCharacter, idSlot, idStat) VALUES (5, 2, 37);
INSERT INTO CharacterStat (idCharacter, idSlot, idStat) VALUES (5, 3, 14);
INSERT INTO CharacterStat (idCharacter, idSlot, idStat) VALUES (5, 4, 14);
INSERT INTO CharacterStat (idCharacter, idSlot, idStat) VALUES (5, 5, 2);
INSERT INTO CharacterStat (idCharacter, idSlot, idStat) VALUES (5, 6, 30);
INSERT INTO CharacterStat (idCharacter, idSlot, idStat) VALUES (6, 1, 31);
INSERT INTO CharacterStat (idCharacter, idSlot, idStat) VALUES (6, 2, 34);
INSERT INTO CharacterStat (idCharacter, idSlot, idStat) VALUES (6, 3, 33);
INSERT INTO CharacterStat (idCharacter, idSlot, idStat) VALUES (6, 4, 30);
INSERT INTO CharacterStat (idCharacter, idSlot, idStat) VALUES (6, 5, 34);
INSERT INTO CharacterStat (idCharacter, idSlot, idStat) VALUES (6, 6, 33);
INSERT INTO CharacterStat (idCharacter, idSlot, idStat) VALUES (7, 1, 2);
INSERT INTO CharacterStat (idCharacter, idSlot, idStat) VALUES (7, 2, 37);
INSERT INTO CharacterStat (idCharacter, idSlot, idStat) VALUES (7, 3, 14);
INSERT INTO CharacterStat (idCharacter, idSlot, idStat) VALUES (7, 4, 14);
INSERT INTO CharacterStat (idCharacter, idSlot, idStat) VALUES (7, 5, 2);
INSERT INTO CharacterStat (idCharacter, idSlot, idStat) VALUES (7, 6, 24);
INSERT INTO CharacterStat (idCharacter, idSlot, idStat) VALUES (8, 1, 6);
INSERT INTO CharacterStat (idCharacter, idSlot, idStat) VALUES (8, 2, 23);
INSERT INTO CharacterStat (idCharacter, idSlot, idStat) VALUES (8, 3, 14);
INSERT INTO CharacterStat (idCharacter, idSlot, idStat) VALUES (8, 4, 30);
INSERT INTO CharacterStat (idCharacter, idSlot, idStat) VALUES (8, 5, 14);
INSERT INTO CharacterStat (idCharacter, idSlot, idStat) VALUES (8, 6, 6);
INSERT INTO CharacterStat (idCharacter, idSlot, idStat) VALUES (9, 1, 6);
INSERT INTO CharacterStat (idCharacter, idSlot, idStat) VALUES (9, 2, 39);
INSERT INTO CharacterStat (idCharacter, idSlot, idStat) VALUES (9, 3, 14);
INSERT INTO CharacterStat (idCharacter, idSlot, idStat) VALUES (9, 4, 14);
INSERT INTO CharacterStat (idCharacter, idSlot, idStat) VALUES (9, 5, 2);
INSERT INTO CharacterStat (idCharacter, idSlot, idStat) VALUES (9, 6, 24);
INSERT INTO CharacterStat (idCharacter, idSlot, idStat) VALUES (10, 1, 2);
INSERT INTO CharacterStat (idCharacter, idSlot, idStat) VALUES (10, 2, 38);
INSERT INTO CharacterStat (idCharacter, idSlot, idStat) VALUES (10, 3, 14);
INSERT INTO CharacterStat (idCharacter, idSlot, idStat) VALUES (10, 4, 14);
INSERT INTO CharacterStat (idCharacter, idSlot, idStat) VALUES (10, 5, 30);
INSERT INTO CharacterStat (idCharacter, idSlot, idStat) VALUES (10, 6, 2);
INSERT INTO CharacterStat (idCharacter, idSlot, idStat) VALUES (11, 1, 30);
INSERT INTO CharacterStat (idCharacter, idSlot, idStat) VALUES (11, 2, 37);
INSERT INTO CharacterStat (idCharacter, idSlot, idStat) VALUES (11, 3, 14);
INSERT INTO CharacterStat (idCharacter, idSlot, idStat) VALUES (11, 4, 30);
INSERT INTO CharacterStat (idCharacter, idSlot, idStat) VALUES (11, 5, 14);
INSERT INTO CharacterStat (idCharacter, idSlot, idStat) VALUES (11, 6, 34);
INSERT INTO CharacterStat (idCharacter, idSlot, idStat) VALUES (12, 1, 2);
INSERT INTO CharacterStat (idCharacter, idSlot, idStat) VALUES (12, 2, 18);
INSERT INTO CharacterStat (idCharacter, idSlot, idStat) VALUES (12, 3, 13);
INSERT INTO CharacterStat (idCharacter, idSlot, idStat) VALUES (12, 4, 14);
INSERT INTO CharacterStat (idCharacter, idSlot, idStat) VALUES (12, 5, 24);
INSERT INTO CharacterStat (idCharacter, idSlot, idStat) VALUES (12, 6, 2);
INSERT INTO CharacterStat (idCharacter, idSlot, idStat) VALUES (13, 1, 27);
INSERT INTO CharacterStat (idCharacter, idSlot, idStat) VALUES (13, 2, 39);
INSERT INTO CharacterStat (idCharacter, idSlot, idStat) VALUES (13, 3, 14);
INSERT INTO CharacterStat (idCharacter, idSlot, idStat) VALUES (13, 4, 14);
INSERT INTO CharacterStat (idCharacter, idSlot, idStat) VALUES (13, 5, 24);
INSERT INTO CharacterStat (idCharacter, idSlot, idStat) VALUES (13, 6, 34);
INSERT INTO CharacterStat (idCharacter, idSlot, idStat) VALUES (14, 1, 20);
INSERT INTO CharacterStat (idCharacter, idSlot, idStat) VALUES (14, 2, 32);
INSERT INTO CharacterStat (idCharacter, idSlot, idStat) VALUES (14, 3, 14);
INSERT INTO CharacterStat (idCharacter, idSlot, idStat) VALUES (14, 4, 14);
INSERT INTO CharacterStat (idCharacter, idSlot, idStat) VALUES (14, 5, 20);
INSERT INTO CharacterStat (idCharacter, idSlot, idStat) VALUES (14, 6, 30);
INSERT INTO CharacterStat (idCharacter, idSlot, idStat) VALUES (15, 1, 8);
INSERT INTO CharacterStat (idCharacter, idSlot, idStat) VALUES (15, 2, 11);
INSERT INTO CharacterStat (idCharacter, idSlot, idStat) VALUES (15, 3, 14);
INSERT INTO CharacterStat (idCharacter, idSlot, idStat) VALUES (15, 4, 14);
INSERT INTO CharacterStat (idCharacter, idSlot, idStat) VALUES (15, 5, 2);
INSERT INTO CharacterStat (idCharacter, idSlot, idStat) VALUES (15, 6, 30);
INSERT INTO CharacterStat (idCharacter, idSlot, idStat) VALUES (16, 1, 24);
INSERT INTO CharacterStat (idCharacter, idSlot, idStat) VALUES (16, 2, 24);
INSERT INTO CharacterStat (idCharacter, idSlot, idStat) VALUES (16, 3, 24);
INSERT INTO CharacterStat (idCharacter, idSlot, idStat) VALUES (16, 4, 24);
INSERT INTO CharacterStat (idCharacter, idSlot, idStat) VALUES (16, 5, 30);
INSERT INTO CharacterStat (idCharacter, idSlot, idStat) VALUES (16, 6, 2);
INSERT INTO CharacterStat (idCharacter, idSlot, idStat) VALUES (17, 1, 2);
INSERT INTO CharacterStat (idCharacter, idSlot, idStat) VALUES (17, 2, 23);
INSERT INTO CharacterStat (idCharacter, idSlot, idStat) VALUES (17, 3, 14);
INSERT INTO CharacterStat (idCharacter, idSlot, idStat) VALUES (17, 4, 14);
INSERT INTO CharacterStat (idCharacter, idSlot, idStat) VALUES (17, 5, 2);
INSERT INTO CharacterStat (idCharacter, idSlot, idStat) VALUES (17, 6, 24);
INSERT INTO CharacterStat (idCharacter, idSlot, idStat) VALUES (18, 1, 2);
INSERT INTO CharacterStat (idCharacter, idSlot, idStat) VALUES (18, 2, 39);
INSERT INTO CharacterStat (idCharacter, idSlot, idStat) VALUES (18, 3, 14);
INSERT INTO CharacterStat (idCharacter, idSlot, idStat) VALUES (18, 4, 14);
INSERT INTO CharacterStat (idCharacter, idSlot, idStat) VALUES (18, 5, 2);
INSERT INTO CharacterStat (idCharacter, idSlot, idStat) VALUES (18, 6, 24);
INSERT INTO CharacterStat (idCharacter, idSlot, idStat) VALUES (19, 1, 31);
INSERT INTO CharacterStat (idCharacter, idSlot, idStat) VALUES (19, 2, 34);
INSERT INTO CharacterStat (idCharacter, idSlot, idStat) VALUES (19, 3, 35);
INSERT INTO CharacterStat (idCharacter, idSlot, idStat) VALUES (19, 4, 30);
INSERT INTO CharacterStat (idCharacter, idSlot, idStat) VALUES (19, 5, 34);
INSERT INTO CharacterStat (idCharacter, idSlot, idStat) VALUES (19, 6, 2);
INSERT INTO CharacterStat (idCharacter, idSlot, idStat) VALUES (20, 1, 2);
INSERT INTO CharacterStat (idCharacter, idSlot, idStat) VALUES (20, 2, 39);
INSERT INTO CharacterStat (idCharacter, idSlot, idStat) VALUES (20, 3, 14);
INSERT INTO CharacterStat (idCharacter, idSlot, idStat) VALUES (20, 4, 14);
INSERT INTO CharacterStat (idCharacter, idSlot, idStat) VALUES (20, 5, 2);
INSERT INTO CharacterStat (idCharacter, idSlot, idStat) VALUES (20, 6, 30);
INSERT INTO CharacterStat (idCharacter, idSlot, idStat) VALUES (21, 1, 8);
INSERT INTO CharacterStat (idCharacter, idSlot, idStat) VALUES (21, 2, 10);
INSERT INTO CharacterStat (idCharacter, idSlot, idStat) VALUES (21, 3, 17);
INSERT INTO CharacterStat (idCharacter, idSlot, idStat) VALUES (21, 4, 30);
INSERT INTO CharacterStat (idCharacter, idSlot, idStat) VALUES (21, 5, 17);
INSERT INTO CharacterStat (idCharacter, idSlot, idStat) VALUES (21, 6, 2);
INSERT INTO CharacterStat (idCharacter, idSlot, idStat) VALUES (22, 1, 24);
INSERT INTO CharacterStat (idCharacter, idSlot, idStat) VALUES (22, 2, 24);
INSERT INTO CharacterStat (idCharacter, idSlot, idStat) VALUES (22, 3, 24);
INSERT INTO CharacterStat (idCharacter, idSlot, idStat) VALUES (22, 4, 30);
INSERT INTO CharacterStat (idCharacter, idSlot, idStat) VALUES (22, 5, 24);
INSERT INTO CharacterStat (idCharacter, idSlot, idStat) VALUES (22, 6, 14);
INSERT INTO CharacterStat (idCharacter, idSlot, idStat) VALUES (23, 1, 2);
INSERT INTO CharacterStat (idCharacter, idSlot, idStat) VALUES (23, 2, 32);
INSERT INTO CharacterStat (idCharacter, idSlot, idStat) VALUES (23, 3, 14);
INSERT INTO CharacterStat (idCharacter, idSlot, idStat) VALUES (23, 4, 30);
INSERT INTO CharacterStat (idCharacter, idSlot, idStat) VALUES (23, 5, 14);
INSERT INTO CharacterStat (idCharacter, idSlot, idStat) VALUES (23, 6, 2);
INSERT INTO CharacterStat (idCharacter, idSlot, idStat) VALUES (24, 1, 34);
INSERT INTO CharacterStat (idCharacter, idSlot, idStat) VALUES (24, 2, 37);
INSERT INTO CharacterStat (idCharacter, idSlot, idStat) VALUES (24, 3, 14);
INSERT INTO CharacterStat (idCharacter, idSlot, idStat) VALUES (24, 4, 30);
INSERT INTO CharacterStat (idCharacter, idSlot, idStat) VALUES (24, 5, 14);
INSERT INTO CharacterStat (idCharacter, idSlot, idStat) VALUES (24, 6, 34);
INSERT INTO CharacterStat (idCharacter, idSlot, idStat) VALUES (25, 1, 31);
INSERT INTO CharacterStat (idCharacter, idSlot, idStat) VALUES (25, 2, 34);
INSERT INTO CharacterStat (idCharacter, idSlot, idStat) VALUES (25, 3, 34);
INSERT INTO CharacterStat (idCharacter, idSlot, idStat) VALUES (25, 4, 34);
INSERT INTO CharacterStat (idCharacter, idSlot, idStat) VALUES (25, 5, 33);
INSERT INTO CharacterStat (idCharacter, idSlot, idStat) VALUES (25, 6, 30);
INSERT INTO CharacterStat (idCharacter, idSlot, idStat) VALUES (26, 1, 8);
INSERT INTO CharacterStat (idCharacter, idSlot, idStat) VALUES (26, 2, 2);
INSERT INTO CharacterStat (idCharacter, idSlot, idStat) VALUES (26, 3, 9);
INSERT INTO CharacterStat (idCharacter, idSlot, idStat) VALUES (26, 4, 2);
INSERT INTO CharacterStat (idCharacter, idSlot, idStat) VALUES (26, 5, 30);
INSERT INTO CharacterStat (idCharacter, idSlot, idStat) VALUES (26, 6, 1);
INSERT INTO CharacterStat (idCharacter, idSlot, idStat) VALUES (27, 1, 8);
INSERT INTO CharacterStat (idCharacter, idSlot, idStat) VALUES (27, 2, 5);
INSERT INTO CharacterStat (idCharacter, idSlot, idStat) VALUES (27, 3, 14);
INSERT INTO CharacterStat (idCharacter, idSlot, idStat) VALUES (27, 4, 14);
INSERT INTO CharacterStat (idCharacter, idSlot, idStat) VALUES (27, 5, 2);
INSERT INTO CharacterStat (idCharacter, idSlot, idStat) VALUES (27, 6, 30);
INSERT INTO CharacterStat (idCharacter, idSlot, idStat) VALUES (28, 1, 8);
INSERT INTO CharacterStat (idCharacter, idSlot, idStat) VALUES (28, 2, 2);
INSERT INTO CharacterStat (idCharacter, idSlot, idStat) VALUES (28, 3, 2);
INSERT INTO CharacterStat (idCharacter, idSlot, idStat) VALUES (28, 4, 2);
INSERT INTO CharacterStat (idCharacter, idSlot, idStat) VALUES (28, 5, 30);
INSERT INTO CharacterStat (idCharacter, idSlot, idStat) VALUES (28, 6, 14);
INSERT INTO CharacterStat (idCharacter, idSlot, idStat) VALUES (29, 1, 6);
INSERT INTO CharacterStat (idCharacter, idSlot, idStat) VALUES (29, 2, 22);
INSERT INTO CharacterStat (idCharacter, idSlot, idStat) VALUES (29, 3, 14);
INSERT INTO CharacterStat (idCharacter, idSlot, idStat) VALUES (29, 4, 14);
INSERT INTO CharacterStat (idCharacter, idSlot, idStat) VALUES (29, 5, 24);
INSERT INTO CharacterStat (idCharacter, idSlot, idStat) VALUES (29, 6, 2);
INSERT INTO CharacterStat (idCharacter, idSlot, idStat) VALUES (30, 1, 7);
INSERT INTO CharacterStat (idCharacter, idSlot, idStat) VALUES (30, 2, 12);
INSERT INTO CharacterStat (idCharacter, idSlot, idStat) VALUES (30, 3, 16);
INSERT INTO CharacterStat (idCharacter, idSlot, idStat) VALUES (30, 4, 24);
INSERT INTO CharacterStat (idCharacter, idSlot, idStat) VALUES (30, 5, 30);
INSERT INTO CharacterStat (idCharacter, idSlot, idStat) VALUES (30, 6, 2);
INSERT INTO CharacterStat (idCharacter, idSlot, idStat) VALUES (31, 1, 8);
INSERT INTO CharacterStat (idCharacter, idSlot, idStat) VALUES (31, 2, 22);
INSERT INTO CharacterStat (idCharacter, idSlot, idStat) VALUES (31, 3, 14);
INSERT INTO CharacterStat (idCharacter, idSlot, idStat) VALUES (31, 4, 30);
INSERT INTO CharacterStat (idCharacter, idSlot, idStat) VALUES (31, 5, 14);
INSERT INTO CharacterStat (idCharacter, idSlot, idStat) VALUES (31, 6, 2);
INSERT INTO CharacterStat (idCharacter, idSlot, idStat) VALUES (32, 1, 30);
INSERT INTO CharacterStat (idCharacter, idSlot, idStat) VALUES (32, 2, 23);
INSERT INTO CharacterStat (idCharacter, idSlot, idStat) VALUES (32, 3, 14);
INSERT INTO CharacterStat (idCharacter, idSlot, idStat) VALUES (32, 4, 30);
INSERT INTO CharacterStat (idCharacter, idSlot, idStat) VALUES (32, 5, 2);
INSERT INTO CharacterStat (idCharacter, idSlot, idStat) VALUES (32, 6, 14);
INSERT INTO CharacterStat (idCharacter, idSlot, idStat) VALUES (33, 1, 2);
INSERT INTO CharacterStat (idCharacter, idSlot, idStat) VALUES (33, 2, 32);
INSERT INTO CharacterStat (idCharacter, idSlot, idStat) VALUES (33, 3, 14);
INSERT INTO CharacterStat (idCharacter, idSlot, idStat) VALUES (33, 4, 14);
INSERT INTO CharacterStat (idCharacter, idSlot, idStat) VALUES (33, 5, 2);
INSERT INTO CharacterStat (idCharacter, idSlot, idStat) VALUES (33, 6, 30);
INSERT INTO CharacterStat (idCharacter, idSlot, idStat) VALUES (34, 1, 24);
INSERT INTO CharacterStat (idCharacter, idSlot, idStat) VALUES (34, 2, 24);
INSERT INTO CharacterStat (idCharacter, idSlot, idStat) VALUES (34, 3, 24);
INSERT INTO CharacterStat (idCharacter, idSlot, idStat) VALUES (34, 4, 24);
INSERT INTO CharacterStat (idCharacter, idSlot, idStat) VALUES (34, 5, 30);
INSERT INTO CharacterStat (idCharacter, idSlot, idStat) VALUES (34, 6, 2);
INSERT INTO CharacterStat (idCharacter, idSlot, idStat) VALUES (35, 1, 2);
INSERT INTO CharacterStat (idCharacter, idSlot, idStat) VALUES (35, 2, 11);
INSERT INTO CharacterStat (idCharacter, idSlot, idStat) VALUES (35, 3, 14);
INSERT INTO CharacterStat (idCharacter, idSlot, idStat) VALUES (35, 4, 14);
INSERT INTO CharacterStat (idCharacter, idSlot, idStat) VALUES (35, 5, 2);
INSERT INTO CharacterStat (idCharacter, idSlot, idStat) VALUES (35, 6, 1);
INSERT INTO CharacterStat (idCharacter, idSlot, idStat) VALUES (36, 1, 2);
INSERT INTO CharacterStat (idCharacter, idSlot, idStat) VALUES (36, 2, 18);
INSERT INTO CharacterStat (idCharacter, idSlot, idStat) VALUES (36, 3, 14);
INSERT INTO CharacterStat (idCharacter, idSlot, idStat) VALUES (36, 4, 14);
INSERT INTO CharacterStat (idCharacter, idSlot, idStat) VALUES (36, 5, 2);
INSERT INTO CharacterStat (idCharacter, idSlot, idStat) VALUES (36, 6, 30);
INSERT INTO CharacterStat (idCharacter, idSlot, idStat) VALUES (37, 1, 2);
INSERT INTO CharacterStat (idCharacter, idSlot, idStat) VALUES (37, 2, 11);
INSERT INTO CharacterStat (idCharacter, idSlot, idStat) VALUES (37, 3, 14);
INSERT INTO CharacterStat (idCharacter, idSlot, idStat) VALUES (37, 4, 14);
INSERT INTO CharacterStat (idCharacter, idSlot, idStat) VALUES (37, 5, 2);
INSERT INTO CharacterStat (idCharacter, idSlot, idStat) VALUES (37, 6, 30);
INSERT INTO CharacterStat (idCharacter, idSlot, idStat) VALUES (38, 1, 8);
INSERT INTO CharacterStat (idCharacter, idSlot, idStat) VALUES (38, 2, 23);
INSERT INTO CharacterStat (idCharacter, idSlot, idStat) VALUES (38, 3, 14);
INSERT INTO CharacterStat (idCharacter, idSlot, idStat) VALUES (38, 4, 14);
INSERT INTO CharacterStat (idCharacter, idSlot, idStat) VALUES (38, 5, 2);
INSERT INTO CharacterStat (idCharacter, idSlot, idStat) VALUES (38, 6, 30);
INSERT INTO CharacterStat (idCharacter, idSlot, idStat) VALUES (39, 1, 30);
INSERT INTO CharacterStat (idCharacter, idSlot, idStat) VALUES (39, 2, 37);
INSERT INTO CharacterStat (idCharacter, idSlot, idStat) VALUES (39, 3, 14);
INSERT INTO CharacterStat (idCharacter, idSlot, idStat) VALUES (39, 4, 30);
INSERT INTO CharacterStat (idCharacter, idSlot, idStat) VALUES (39, 5, 34);
INSERT INTO CharacterStat (idCharacter, idSlot, idStat) VALUES (39, 6, 14);
INSERT INTO CharacterStat (idCharacter, idSlot, idStat) VALUES (40, 1, 6);
INSERT INTO CharacterStat (idCharacter, idSlot, idStat) VALUES (40, 2, 39);
INSERT INTO CharacterStat (idCharacter, idSlot, idStat) VALUES (40, 3, 14);
INSERT INTO CharacterStat (idCharacter, idSlot, idStat) VALUES (40, 4, 14);
INSERT INTO CharacterStat (idCharacter, idSlot, idStat) VALUES (40, 5, 2);
INSERT INTO CharacterStat (idCharacter, idSlot, idStat) VALUES (40, 6, 24);
INSERT INTO CharacterStat (idCharacter, idSlot, idStat) VALUES (41, 1, 34);
INSERT INTO CharacterStat (idCharacter, idSlot, idStat) VALUES (41, 2, 34);
INSERT INTO CharacterStat (idCharacter, idSlot, idStat) VALUES (41, 3, 34);
INSERT INTO CharacterStat (idCharacter, idSlot, idStat) VALUES (41, 4, 34);
INSERT INTO CharacterStat (idCharacter, idSlot, idStat) VALUES (41, 5, 33);
INSERT INTO CharacterStat (idCharacter, idSlot, idStat) VALUES (41, 6, 30);
INSERT INTO CharacterStat (idCharacter, idSlot, idStat) VALUES (42, 1, 30);
INSERT INTO CharacterStat (idCharacter, idSlot, idStat) VALUES (42, 2, 39);
INSERT INTO CharacterStat (idCharacter, idSlot, idStat) VALUES (42, 3, 14);
INSERT INTO CharacterStat (idCharacter, idSlot, idStat) VALUES (42, 4, 30);
INSERT INTO CharacterStat (idCharacter, idSlot, idStat) VALUES (42, 5, 14);
INSERT INTO CharacterStat (idCharacter, idSlot, idStat) VALUES (42, 6, 2);
INSERT INTO CharacterStat (idCharacter, idSlot, idStat) VALUES (43, 1, 34);
INSERT INTO CharacterStat (idCharacter, idSlot, idStat) VALUES (43, 2, 34);
INSERT INTO CharacterStat (idCharacter, idSlot, idStat) VALUES (43, 3, 36);
INSERT INTO CharacterStat (idCharacter, idSlot, idStat) VALUES (43, 4, 34);
INSERT INTO CharacterStat (idCharacter, idSlot, idStat) VALUES (43, 5, 33);
INSERT INTO CharacterStat (idCharacter, idSlot, idStat) VALUES (43, 6, 30);
INSERT INTO CharacterStat (idCharacter, idSlot, idStat) VALUES (44, 1, 8);
INSERT INTO CharacterStat (idCharacter, idSlot, idStat) VALUES (44, 2, 23);
INSERT INTO CharacterStat (idCharacter, idSlot, idStat) VALUES (44, 3, 14);
INSERT INTO CharacterStat (idCharacter, idSlot, idStat) VALUES (44, 4, 14);
INSERT INTO CharacterStat (idCharacter, idSlot, idStat) VALUES (44, 5, 2);
INSERT INTO CharacterStat (idCharacter, idSlot, idStat) VALUES (44, 6, 30);
INSERT INTO CharacterStat (idCharacter, idSlot, idStat) VALUES (45, 1, 8);
INSERT INTO CharacterStat (idCharacter, idSlot, idStat) VALUES (45, 2, 39);
INSERT INTO CharacterStat (idCharacter, idSlot, idStat) VALUES (45, 3, 14);
INSERT INTO CharacterStat (idCharacter, idSlot, idStat) VALUES (45, 4, 14);
INSERT INTO CharacterStat (idCharacter, idSlot, idStat) VALUES (45, 5, 2);
INSERT INTO CharacterStat (idCharacter, idSlot, idStat) VALUES (45, 6, 30);
INSERT INTO CharacterStat (idCharacter, idSlot, idStat) VALUES (46, 1, 31);
INSERT INTO CharacterStat (idCharacter, idSlot, idStat) VALUES (46, 2, 34);
INSERT INTO CharacterStat (idCharacter, idSlot, idStat) VALUES (46, 3, 34);
INSERT INTO CharacterStat (idCharacter, idSlot, idStat) VALUES (46, 4, 30);
INSERT INTO CharacterStat (idCharacter, idSlot, idStat) VALUES (46, 5, 34);
INSERT INTO CharacterStat (idCharacter, idSlot, idStat) VALUES (46, 6, 33);
INSERT INTO CharacterStat (idCharacter, idSlot, idStat) VALUES (47, 1, 8);
INSERT INTO CharacterStat (idCharacter, idSlot, idStat) VALUES (47, 2, 2);
INSERT INTO CharacterStat (idCharacter, idSlot, idStat) VALUES (47, 3, 9);
INSERT INTO CharacterStat (idCharacter, idSlot, idStat) VALUES (47, 4, 30);
INSERT INTO CharacterStat (idCharacter, idSlot, idStat) VALUES (47, 5, 2);
INSERT INTO CharacterStat (idCharacter, idSlot, idStat) VALUES (47, 6, 17);
INSERT INTO CharacterStat (idCharacter, idSlot, idStat) VALUES (48, 1, 34);
INSERT INTO CharacterStat (idCharacter, idSlot, idStat) VALUES (48, 2, 34);
INSERT INTO CharacterStat (idCharacter, idSlot, idStat) VALUES (48, 3, 34);
INSERT INTO CharacterStat (idCharacter, idSlot, idStat) VALUES (48, 4, 30);
INSERT INTO CharacterStat (idCharacter, idSlot, idStat) VALUES (48, 5, 34);
INSERT INTO CharacterStat (idCharacter, idSlot, idStat) VALUES (48, 6, 33);
INSERT INTO CharacterStat (idCharacter, idSlot, idStat) VALUES (49, 1, 7);
INSERT INTO CharacterStat (idCharacter, idSlot, idStat) VALUES (49, 2, 18);
INSERT INTO CharacterStat (idCharacter, idSlot, idStat) VALUES (49, 3, 14);
INSERT INTO CharacterStat (idCharacter, idSlot, idStat) VALUES (49, 4, 14);
INSERT INTO CharacterStat (idCharacter, idSlot, idStat) VALUES (49, 5, 2);
INSERT INTO CharacterStat (idCharacter, idSlot, idStat) VALUES (49, 6, 24);
INSERT INTO CharacterStat (idCharacter, idSlot, idStat) VALUES (50, 1, 7);
INSERT INTO CharacterStat (idCharacter, idSlot, idStat) VALUES (50, 2, 22);
INSERT INTO CharacterStat (idCharacter, idSlot, idStat) VALUES (50, 3, 14);
INSERT INTO CharacterStat (idCharacter, idSlot, idStat) VALUES (50, 4, 30);
INSERT INTO CharacterStat (idCharacter, idSlot, idStat) VALUES (50, 5, 14);
INSERT INTO CharacterStat (idCharacter, idSlot, idStat) VALUES (50, 6, 6);
INSERT INTO CharacterStat (idCharacter, idSlot, idStat) VALUES (51, 1, 31);
INSERT INTO CharacterStat (idCharacter, idSlot, idStat) VALUES (51, 2, 34);
INSERT INTO CharacterStat (idCharacter, idSlot, idStat) VALUES (51, 3, 35);
INSERT INTO CharacterStat (idCharacter, idSlot, idStat) VALUES (51, 4, 34);
INSERT INTO CharacterStat (idCharacter, idSlot, idStat) VALUES (51, 5, 30);
INSERT INTO CharacterStat (idCharacter, idSlot, idStat) VALUES (51, 6, 33);
INSERT INTO CharacterStat (idCharacter, idSlot, idStat) VALUES (52, 1, 26);
INSERT INTO CharacterStat (idCharacter, idSlot, idStat) VALUES (52, 2, 27);
INSERT INTO CharacterStat (idCharacter, idSlot, idStat) VALUES (52, 3, 28);
INSERT INTO CharacterStat (idCharacter, idSlot, idStat) VALUES (52, 4, 30);
INSERT INTO CharacterStat (idCharacter, idSlot, idStat) VALUES (52, 5, 34);
INSERT INTO CharacterStat (idCharacter, idSlot, idStat) VALUES (52, 6, 24);
INSERT INTO CharacterStat (idCharacter, idSlot, idStat) VALUES (53, 1, 30);
INSERT INTO CharacterStat (idCharacter, idSlot, idStat) VALUES (53, 2, 11);
INSERT INTO CharacterStat (idCharacter, idSlot, idStat) VALUES (53, 3, 14);
INSERT INTO CharacterStat (idCharacter, idSlot, idStat) VALUES (53, 4, 30);
INSERT INTO CharacterStat (idCharacter, idSlot, idStat) VALUES (53, 5, 14);
INSERT INTO CharacterStat (idCharacter, idSlot, idStat) VALUES (53, 6, 2);
INSERT INTO CharacterStat (idCharacter, idSlot, idStat) VALUES (54, 1, 6);
INSERT INTO CharacterStat (idCharacter, idSlot, idStat) VALUES (54, 2, 23);
INSERT INTO CharacterStat (idCharacter, idSlot, idStat) VALUES (54, 3, 14);
INSERT INTO CharacterStat (idCharacter, idSlot, idStat) VALUES (54, 4, 14);
INSERT INTO CharacterStat (idCharacter, idSlot, idStat) VALUES (54, 5, 2);
INSERT INTO CharacterStat (idCharacter, idSlot, idStat) VALUES (54, 6, 24);
INSERT INTO CharacterStat (idCharacter, idSlot, idStat) VALUES (55, 1, 2);
INSERT INTO CharacterStat (idCharacter, idSlot, idStat) VALUES (55, 2, 38);
INSERT INTO CharacterStat (idCharacter, idSlot, idStat) VALUES (55, 3, 14);
INSERT INTO CharacterStat (idCharacter, idSlot, idStat) VALUES (55, 4, 30);
INSERT INTO CharacterStat (idCharacter, idSlot, idStat) VALUES (55, 5, 14);
INSERT INTO CharacterStat (idCharacter, idSlot, idStat) VALUES (55, 6, 2);
INSERT INTO CharacterStat (idCharacter, idSlot, idStat) VALUES (56, 1, 30);
INSERT INTO CharacterStat (idCharacter, idSlot, idStat) VALUES (56, 2, 32);
INSERT INTO CharacterStat (idCharacter, idSlot, idStat) VALUES (56, 3, 17);
INSERT INTO CharacterStat (idCharacter, idSlot, idStat) VALUES (56, 4, 30);
INSERT INTO CharacterStat (idCharacter, idSlot, idStat) VALUES (56, 5, 20);
INSERT INTO CharacterStat (idCharacter, idSlot, idStat) VALUES (56, 6, 17);
INSERT INTO CharacterStat (idCharacter, idSlot, idStat) VALUES (57, 1, 24);
INSERT INTO CharacterStat (idCharacter, idSlot, idStat) VALUES (57, 2, 24);
INSERT INTO CharacterStat (idCharacter, idSlot, idStat) VALUES (57, 3, 24);
INSERT INTO CharacterStat (idCharacter, idSlot, idStat) VALUES (57, 4, 24);
INSERT INTO CharacterStat (idCharacter, idSlot, idStat) VALUES (57, 5, 2);
INSERT INTO CharacterStat (idCharacter, idSlot, idStat) VALUES (57, 6, 30);
INSERT INTO CharacterStat (idCharacter, idSlot, idStat) VALUES (58, 1, 8);
INSERT INTO CharacterStat (idCharacter, idSlot, idStat) VALUES (58, 2, 18);
INSERT INTO CharacterStat (idCharacter, idSlot, idStat) VALUES (58, 3, 14);
INSERT INTO CharacterStat (idCharacter, idSlot, idStat) VALUES (58, 4, 30);
INSERT INTO CharacterStat (idCharacter, idSlot, idStat) VALUES (58, 5, 14);
INSERT INTO CharacterStat (idCharacter, idSlot, idStat) VALUES (58, 6, 2);
INSERT INTO CharacterStat (idCharacter, idSlot, idStat) VALUES (59, 1, 25);
INSERT INTO CharacterStat (idCharacter, idSlot, idStat) VALUES (59, 2, 24);
INSERT INTO CharacterStat (idCharacter, idSlot, idStat) VALUES (59, 3, 24);
INSERT INTO CharacterStat (idCharacter, idSlot, idStat) VALUES (59, 4, 30);
INSERT INTO CharacterStat (idCharacter, idSlot, idStat) VALUES (59, 5, 24);
INSERT INTO CharacterStat (idCharacter, idSlot, idStat) VALUES (59, 6, 17);
INSERT INTO CharacterStat (idCharacter, idSlot, idStat) VALUES (60, 1, 31);
INSERT INTO CharacterStat (idCharacter, idSlot, idStat) VALUES (60, 2, 34);
INSERT INTO CharacterStat (idCharacter, idSlot, idStat) VALUES (60, 3, 34);
INSERT INTO CharacterStat (idCharacter, idSlot, idStat) VALUES (60, 4, 30);
INSERT INTO CharacterStat (idCharacter, idSlot, idStat) VALUES (60, 5, 34);
INSERT INTO CharacterStat (idCharacter, idSlot, idStat) VALUES (60, 6, 33);
INSERT INTO CharacterStat (idCharacter, idSlot, idStat) VALUES (61, 1, 24);
INSERT INTO CharacterStat (idCharacter, idSlot, idStat) VALUES (61, 2, 24);
INSERT INTO CharacterStat (idCharacter, idSlot, idStat) VALUES (61, 3, 24);
INSERT INTO CharacterStat (idCharacter, idSlot, idStat) VALUES (61, 4, 24);
INSERT INTO CharacterStat (idCharacter, idSlot, idStat) VALUES (61, 5, 34);
INSERT INTO CharacterStat (idCharacter, idSlot, idStat) VALUES (61, 6, 33);
INSERT INTO CharacterStat (idCharacter, idSlot, idStat) VALUES (62, 1, 34);
INSERT INTO CharacterStat (idCharacter, idSlot, idStat) VALUES (62, 2, 34);
INSERT INTO CharacterStat (idCharacter, idSlot, idStat) VALUES (62, 3, 34);
INSERT INTO CharacterStat (idCharacter, idSlot, idStat) VALUES (62, 4, 34);
INSERT INTO CharacterStat (idCharacter, idSlot, idStat) VALUES (62, 5, 30);
INSERT INTO CharacterStat (idCharacter, idSlot, idStat) VALUES (62, 6, 14);
INSERT INTO CharacterStat (idCharacter, idSlot, idStat) VALUES (63, 1, 6);
INSERT INTO CharacterStat (idCharacter, idSlot, idStat) VALUES (63, 2, 23);
INSERT INTO CharacterStat (idCharacter, idSlot, idStat) VALUES (63, 3, 14);
INSERT INTO CharacterStat (idCharacter, idSlot, idStat) VALUES (63, 4, 14);
INSERT INTO CharacterStat (idCharacter, idSlot, idStat) VALUES (63, 5, 24);
INSERT INTO CharacterStat (idCharacter, idSlot, idStat) VALUES (63, 6, 2);
INSERT INTO CharacterStat (idCharacter, idSlot, idStat) VALUES (64, 1, 8);
INSERT INTO CharacterStat (idCharacter, idSlot, idStat) VALUES (64, 2, 11);
INSERT INTO CharacterStat (idCharacter, idSlot, idStat) VALUES (64, 3, 14);
INSERT INTO CharacterStat (idCharacter, idSlot, idStat) VALUES (64, 4, 30);
INSERT INTO CharacterStat (idCharacter, idSlot, idStat) VALUES (64, 5, 14);
INSERT INTO CharacterStat (idCharacter, idSlot, idStat) VALUES (64, 6, 2);
INSERT INTO CharacterStat (idCharacter, idSlot, idStat) VALUES (65, 1, 31);
INSERT INTO CharacterStat (idCharacter, idSlot, idStat) VALUES (65, 2, 34);
INSERT INTO CharacterStat (idCharacter, idSlot, idStat) VALUES (65, 3, 35);
INSERT INTO CharacterStat (idCharacter, idSlot, idStat) VALUES (65, 4, 34);
INSERT INTO CharacterStat (idCharacter, idSlot, idStat) VALUES (65, 5, 30);
INSERT INTO CharacterStat (idCharacter, idSlot, idStat) VALUES (65, 6, 33);
INSERT INTO CharacterStat (idCharacter, idSlot, idStat) VALUES (66, 1, 2);
INSERT INTO CharacterStat (idCharacter, idSlot, idStat) VALUES (66, 2, 32);
INSERT INTO CharacterStat (idCharacter, idSlot, idStat) VALUES (66, 3, 14);
INSERT INTO CharacterStat (idCharacter, idSlot, idStat) VALUES (66, 4, 14);
INSERT INTO CharacterStat (idCharacter, idSlot, idStat) VALUES (66, 5, 2);
INSERT INTO CharacterStat (idCharacter, idSlot, idStat) VALUES (66, 6, 30);
INSERT INTO CharacterStat (idCharacter, idSlot, idStat) VALUES (67, 1, 4);
INSERT INTO CharacterStat (idCharacter, idSlot, idStat) VALUES (67, 2, 32);
INSERT INTO CharacterStat (idCharacter, idSlot, idStat) VALUES (67, 3, 14);
INSERT INTO CharacterStat (idCharacter, idSlot, idStat) VALUES (67, 4, 14);
INSERT INTO CharacterStat (idCharacter, idSlot, idStat) VALUES (67, 5, 30);
INSERT INTO CharacterStat (idCharacter, idSlot, idStat) VALUES (67, 6, 20);
INSERT INTO CharacterStat (idCharacter, idSlot, idStat) VALUES (68, 1, 2);
INSERT INTO CharacterStat (idCharacter, idSlot, idStat) VALUES (68, 2, 38);
INSERT INTO CharacterStat (idCharacter, idSlot, idStat) VALUES (68, 3, 14);
INSERT INTO CharacterStat (idCharacter, idSlot, idStat) VALUES (68, 4, 14);
INSERT INTO CharacterStat (idCharacter, idSlot, idStat) VALUES (68, 5, 2);
INSERT INTO CharacterStat (idCharacter, idSlot, idStat) VALUES (68, 6, 30);
INSERT INTO CharacterStat (idCharacter, idSlot, idStat) VALUES (69, 1, 2);
INSERT INTO CharacterStat (idCharacter, idSlot, idStat) VALUES (69, 2, 18);
INSERT INTO CharacterStat (idCharacter, idSlot, idStat) VALUES (69, 3, 13);
INSERT INTO CharacterStat (idCharacter, idSlot, idStat) VALUES (69, 4, 13);
INSERT INTO CharacterStat (idCharacter, idSlot, idStat) VALUES (69, 5, 2);
INSERT INTO CharacterStat (idCharacter, idSlot, idStat) VALUES (69, 6, 30);
INSERT INTO CharacterStat (idCharacter, idSlot, idStat) VALUES (70, 1, 8);
INSERT INTO CharacterStat (idCharacter, idSlot, idStat) VALUES (70, 2, 23);
INSERT INTO CharacterStat (idCharacter, idSlot, idStat) VALUES (70, 3, 14);
INSERT INTO CharacterStat (idCharacter, idSlot, idStat) VALUES (70, 4, 30);
INSERT INTO CharacterStat (idCharacter, idSlot, idStat) VALUES (70, 5, 14);
INSERT INTO CharacterStat (idCharacter, idSlot, idStat) VALUES (70, 6, 2);
INSERT INTO CharacterStat (idCharacter, idSlot, idStat) VALUES (71, 1, 25);
INSERT INTO CharacterStat (idCharacter, idSlot, idStat) VALUES (71, 2, 6);
INSERT INTO CharacterStat (idCharacter, idSlot, idStat) VALUES (71, 3, 29);
INSERT INTO CharacterStat (idCharacter, idSlot, idStat) VALUES (71, 4, 30);
INSERT INTO CharacterStat (idCharacter, idSlot, idStat) VALUES (71, 5, 24);
INSERT INTO CharacterStat (idCharacter, idSlot, idStat) VALUES (71, 6, 2);
INSERT INTO CharacterStat (idCharacter, idSlot, idStat) VALUES (72, 1, 24);
INSERT INTO CharacterStat (idCharacter, idSlot, idStat) VALUES (72, 2, 24);
INSERT INTO CharacterStat (idCharacter, idSlot, idStat) VALUES (72, 3, 24);
INSERT INTO CharacterStat (idCharacter, idSlot, idStat) VALUES (72, 4, 24);
INSERT INTO CharacterStat (idCharacter, idSlot, idStat) VALUES (72, 5, 30);
INSERT INTO CharacterStat (idCharacter, idSlot, idStat) VALUES (72, 6, 2);
INSERT INTO CharacterStat (idCharacter, idSlot, idStat) VALUES (73, 1, 31);
INSERT INTO CharacterStat (idCharacter, idSlot, idStat) VALUES (73, 2, 34);
INSERT INTO CharacterStat (idCharacter, idSlot, idStat) VALUES (73, 3, 34);
INSERT INTO CharacterStat (idCharacter, idSlot, idStat) VALUES (73, 4, 30);
INSERT INTO CharacterStat (idCharacter, idSlot, idStat) VALUES (73, 5, 34);
INSERT INTO CharacterStat (idCharacter, idSlot, idStat) VALUES (73, 6, 33);
INSERT INTO CharacterStat (idCharacter, idSlot, idStat) VALUES (74, 1, 8);
INSERT INTO CharacterStat (idCharacter, idSlot, idStat) VALUES (74, 2, 39);
INSERT INTO CharacterStat (idCharacter, idSlot, idStat) VALUES (74, 3, 14);
INSERT INTO CharacterStat (idCharacter, idSlot, idStat) VALUES (74, 4, 30);
INSERT INTO CharacterStat (idCharacter, idSlot, idStat) VALUES (74, 5, 14);
INSERT INTO CharacterStat (idCharacter, idSlot, idStat) VALUES (74, 6, 2);
INSERT INTO CharacterStat (idCharacter, idSlot, idStat) VALUES (75, 1, 30);
INSERT INTO CharacterStat (idCharacter, idSlot, idStat) VALUES (75, 2, 37);
INSERT INTO CharacterStat (idCharacter, idSlot, idStat) VALUES (75, 3, 14);
INSERT INTO CharacterStat (idCharacter, idSlot, idStat) VALUES (75, 4, 30);
INSERT INTO CharacterStat (idCharacter, idSlot, idStat) VALUES (75, 5, 14);
INSERT INTO CharacterStat (idCharacter, idSlot, idStat) VALUES (75, 6, 2);
INSERT INTO CharacterStat (idCharacter, idSlot, idStat) VALUES (76, 1, 8);
INSERT INTO CharacterStat (idCharacter, idSlot, idStat) VALUES (76, 2, 38);
INSERT INTO CharacterStat (idCharacter, idSlot, idStat) VALUES (76, 3, 14);
INSERT INTO CharacterStat (idCharacter, idSlot, idStat) VALUES (76, 4, 14);
INSERT INTO CharacterStat (idCharacter, idSlot, idStat) VALUES (76, 5, 2);
INSERT INTO CharacterStat (idCharacter, idSlot, idStat) VALUES (76, 6, 30);
INSERT INTO CharacterStat (idCharacter, idSlot, idStat) VALUES (77, 1, 2);
INSERT INTO CharacterStat (idCharacter, idSlot, idStat) VALUES (77, 2, 39);
INSERT INTO CharacterStat (idCharacter, idSlot, idStat) VALUES (77, 3, 14);
INSERT INTO CharacterStat (idCharacter, idSlot, idStat) VALUES (77, 4, 14);
INSERT INTO CharacterStat (idCharacter, idSlot, idStat) VALUES (77, 5, 2);
INSERT INTO CharacterStat (idCharacter, idSlot, idStat) VALUES (77, 6, 30);
INSERT INTO CharacterStat (idCharacter, idSlot, idStat) VALUES (78, 1, 31);
INSERT INTO CharacterStat (idCharacter, idSlot, idStat) VALUES (78, 2, 34);
INSERT INTO CharacterStat (idCharacter, idSlot, idStat) VALUES (78, 3, 36);
INSERT INTO CharacterStat (idCharacter, idSlot, idStat) VALUES (78, 4, 34);
INSERT INTO CharacterStat (idCharacter, idSlot, idStat) VALUES (78, 5, 30);
INSERT INTO CharacterStat (idCharacter, idSlot, idStat) VALUES (78, 6, 33);
INSERT INTO CharacterStat (idCharacter, idSlot, idStat) VALUES (79, 1, 21);
INSERT INTO CharacterStat (idCharacter, idSlot, idStat) VALUES (79, 2, 20);
INSERT INTO CharacterStat (idCharacter, idSlot, idStat) VALUES (79, 3, 20);
INSERT INTO CharacterStat (idCharacter, idSlot, idStat) VALUES (79, 4, 20);
INSERT INTO CharacterStat (idCharacter, idSlot, idStat) VALUES (79, 5, 30);
INSERT INTO CharacterStat (idCharacter, idSlot, idStat) VALUES (79, 6, 19);

-- Script INSERT for the table "CharacterItem"
INSERT INTO CharacterItem (idCharacter, idSlot, idItem) VALUES (1, 7, 18);
INSERT INTO CharacterItem (idCharacter, idSlot, idItem) VALUES (1, 8, 1);
INSERT INTO CharacterItem (idCharacter, idSlot, idItem) VALUES (1, 8, 18);
INSERT INTO CharacterItem (idCharacter, idSlot, idItem) VALUES (1, 9, 1);
INSERT INTO CharacterItem (idCharacter, idSlot, idItem) VALUES (1, 9, 25);
INSERT INTO CharacterItem (idCharacter, idSlot, idItem) VALUES (1, 10, 34);
INSERT INTO CharacterItem (idCharacter, idSlot, idItem) VALUES (1, 11, 25);
INSERT INTO CharacterItem (idCharacter, idSlot, idItem) VALUES (2, 7, 15);
INSERT INTO CharacterItem (idCharacter, idSlot, idItem) VALUES (2, 8, 7);
INSERT INTO CharacterItem (idCharacter, idSlot, idItem) VALUES (2, 8, 11);
INSERT INTO CharacterItem (idCharacter, idSlot, idItem) VALUES (2, 9, 7);
INSERT INTO CharacterItem (idCharacter, idSlot, idItem) VALUES (2, 9, 15);
INSERT INTO CharacterItem (idCharacter, idSlot, idItem) VALUES (2, 10, 11);
INSERT INTO CharacterItem (idCharacter, idSlot, idItem) VALUES (2, 10, 15);
INSERT INTO CharacterItem (idCharacter, idSlot, idItem) VALUES (2, 11, 7);
INSERT INTO CharacterItem (idCharacter, idSlot, idItem) VALUES (3, 7, 25);
INSERT INTO CharacterItem (idCharacter, idSlot, idItem) VALUES (3, 8, 3);
INSERT INTO CharacterItem (idCharacter, idSlot, idItem) VALUES (3, 8, 25);
INSERT INTO CharacterItem (idCharacter, idSlot, idItem) VALUES (3, 9, 11);
INSERT INTO CharacterItem (idCharacter, idSlot, idItem) VALUES (3, 10, 3);
INSERT INTO CharacterItem (idCharacter, idSlot, idItem) VALUES (3, 10, 15);
INSERT INTO CharacterItem (idCharacter, idSlot, idItem) VALUES (3, 11, 15);
INSERT INTO CharacterItem (idCharacter, idSlot, idItem) VALUES (3, 11, 25);
INSERT INTO CharacterItem (idCharacter, idSlot, idItem) VALUES (4, 7, 3);
INSERT INTO CharacterItem (idCharacter, idSlot, idItem) VALUES (4, 8, 3);
INSERT INTO CharacterItem (idCharacter, idSlot, idItem) VALUES (4, 8, 32);
INSERT INTO CharacterItem (idCharacter, idSlot, idItem) VALUES (4, 9, 14);
INSERT INTO CharacterItem (idCharacter, idSlot, idItem) VALUES (4, 9, 32);
INSERT INTO CharacterItem (idCharacter, idSlot, idItem) VALUES (4, 10, 10);
INSERT INTO CharacterItem (idCharacter, idSlot, idItem) VALUES (4, 10, 39);
INSERT INTO CharacterItem (idCharacter, idSlot, idItem) VALUES (4, 11, 3);
INSERT INTO CharacterItem (idCharacter, idSlot, idItem) VALUES (4, 11, 25);
INSERT INTO CharacterItem (idCharacter, idSlot, idItem) VALUES (5, 7, 17);
INSERT INTO CharacterItem (idCharacter, idSlot, idItem) VALUES (5, 8, 14);
INSERT INTO CharacterItem (idCharacter, idSlot, idItem) VALUES (5, 9, 26);
INSERT INTO CharacterItem (idCharacter, idSlot, idItem) VALUES (5, 10, 14);
INSERT INTO CharacterItem (idCharacter, idSlot, idItem) VALUES (5, 10, 17);
INSERT INTO CharacterItem (idCharacter, idSlot, idItem) VALUES (5, 11, 3);
INSERT INTO CharacterItem (idCharacter, idSlot, idItem) VALUES (6, 7, 7);
INSERT INTO CharacterItem (idCharacter, idSlot, idItem) VALUES (6, 8, 27);
INSERT INTO CharacterItem (idCharacter, idSlot, idItem) VALUES (6, 9, 19);
INSERT INTO CharacterItem (idCharacter, idSlot, idItem) VALUES (6, 10, 25);
INSERT INTO CharacterItem (idCharacter, idSlot, idItem) VALUES (6, 11, 11);
INSERT INTO CharacterItem (idCharacter, idSlot, idItem) VALUES (6, 11, 34);
INSERT INTO CharacterItem (idCharacter, idSlot, idItem) VALUES (7, 7, 17);
INSERT INTO CharacterItem (idCharacter, idSlot, idItem) VALUES (7, 8, 17);
INSERT INTO CharacterItem (idCharacter, idSlot, idItem) VALUES (7, 8, 32);
INSERT INTO CharacterItem (idCharacter, idSlot, idItem) VALUES (7, 9, 17);
INSERT INTO CharacterItem (idCharacter, idSlot, idItem) VALUES (7, 9, 25);
INSERT INTO CharacterItem (idCharacter, idSlot, idItem) VALUES (7, 10, 25);
INSERT INTO CharacterItem (idCharacter, idSlot, idItem) VALUES (7, 10, 32);
INSERT INTO CharacterItem (idCharacter, idSlot, idItem) VALUES (7, 11, 32);
INSERT INTO CharacterItem (idCharacter, idSlot, idItem) VALUES (8, 7, 14);
INSERT INTO CharacterItem (idCharacter, idSlot, idItem) VALUES (8, 8, 36);
INSERT INTO CharacterItem (idCharacter, idSlot, idItem) VALUES (8, 9, 15);
INSERT INTO CharacterItem (idCharacter, idSlot, idItem) VALUES (8, 10, 32);
INSERT INTO CharacterItem (idCharacter, idSlot, idItem) VALUES (8, 10, 36);
INSERT INTO CharacterItem (idCharacter, idSlot, idItem) VALUES (8, 11, 11);
INSERT INTO CharacterItem (idCharacter, idSlot, idItem) VALUES (8, 11, 36);
INSERT INTO CharacterItem (idCharacter, idSlot, idItem) VALUES (9, 7, 6);
INSERT INTO CharacterItem (idCharacter, idSlot, idItem) VALUES (9, 8, 15);
INSERT INTO CharacterItem (idCharacter, idSlot, idItem) VALUES (9, 9, 6);
INSERT INTO CharacterItem (idCharacter, idSlot, idItem) VALUES (9, 9, 15);
INSERT INTO CharacterItem (idCharacter, idSlot, idItem) VALUES (9, 10, 6);
INSERT INTO CharacterItem (idCharacter, idSlot, idItem) VALUES (9, 10, 32);
INSERT INTO CharacterItem (idCharacter, idSlot, idItem) VALUES (9, 11, 15);
INSERT INTO CharacterItem (idCharacter, idSlot, idItem) VALUES (9, 11, 32);
INSERT INTO CharacterItem (idCharacter, idSlot, idItem) VALUES (10, 7, 28);
INSERT INTO CharacterItem (idCharacter, idSlot, idItem) VALUES (10, 8, 4);
INSERT INTO CharacterItem (idCharacter, idSlot, idItem) VALUES (10, 8, 28);
INSERT INTO CharacterItem (idCharacter, idSlot, idItem) VALUES (10, 9, 14);
INSERT INTO CharacterItem (idCharacter, idSlot, idItem) VALUES (10, 9, 28);
INSERT INTO CharacterItem (idCharacter, idSlot, idItem) VALUES (10, 10, 4);
INSERT INTO CharacterItem (idCharacter, idSlot, idItem) VALUES (10, 10, 14);
INSERT INTO CharacterItem (idCharacter, idSlot, idItem) VALUES (10, 11, 14);
INSERT INTO CharacterItem (idCharacter, idSlot, idItem) VALUES (11, 7, 16);
INSERT INTO CharacterItem (idCharacter, idSlot, idItem) VALUES (11, 8, 34);
INSERT INTO CharacterItem (idCharacter, idSlot, idItem) VALUES (11, 9, 16);
INSERT INTO CharacterItem (idCharacter, idSlot, idItem) VALUES (11, 9, 34);
INSERT INTO CharacterItem (idCharacter, idSlot, idItem) VALUES (11, 10, 16);
INSERT INTO CharacterItem (idCharacter, idSlot, idItem) VALUES (11, 10, 17);
INSERT INTO CharacterItem (idCharacter, idSlot, idItem) VALUES (11, 11, 17);
INSERT INTO CharacterItem (idCharacter, idSlot, idItem) VALUES (11, 11, 34);
INSERT INTO CharacterItem (idCharacter, idSlot, idItem) VALUES (12, 7, 32);
INSERT INTO CharacterItem (idCharacter, idSlot, idItem) VALUES (12, 8, 42);
INSERT INTO CharacterItem (idCharacter, idSlot, idItem) VALUES (12, 9, 32);
INSERT INTO CharacterItem (idCharacter, idSlot, idItem) VALUES (12, 9, 42);
INSERT INTO CharacterItem (idCharacter, idSlot, idItem) VALUES (12, 10, 3);
INSERT INTO CharacterItem (idCharacter, idSlot, idItem) VALUES (12, 10, 32);
INSERT INTO CharacterItem (idCharacter, idSlot, idItem) VALUES (12, 11, 3);
INSERT INTO CharacterItem (idCharacter, idSlot, idItem) VALUES (12, 11, 42);
INSERT INTO CharacterItem (idCharacter, idSlot, idItem) VALUES (13, 7, 6);
INSERT INTO CharacterItem (idCharacter, idSlot, idItem) VALUES (13, 8, 32);
INSERT INTO CharacterItem (idCharacter, idSlot, idItem) VALUES (13, 9, 15);
INSERT INTO CharacterItem (idCharacter, idSlot, idItem) VALUES (13, 10, 6);
INSERT INTO CharacterItem (idCharacter, idSlot, idItem) VALUES (13, 10, 15);
INSERT INTO CharacterItem (idCharacter, idSlot, idItem) VALUES (13, 11, 6);
INSERT INTO CharacterItem (idCharacter, idSlot, idItem) VALUES (13, 11, 34);
INSERT INTO CharacterItem (idCharacter, idSlot, idItem) VALUES (14, 7, 18);
INSERT INTO CharacterItem (idCharacter, idSlot, idItem) VALUES (14, 8, 9);
INSERT INTO CharacterItem (idCharacter, idSlot, idItem) VALUES (14, 9, 30);
INSERT INTO CharacterItem (idCharacter, idSlot, idItem) VALUES (14, 10, 1);
INSERT INTO CharacterItem (idCharacter, idSlot, idItem) VALUES (14, 10, 18);
INSERT INTO CharacterItem (idCharacter, idSlot, idItem) VALUES (14, 11, 11);
INSERT INTO CharacterItem (idCharacter, idSlot, idItem) VALUES (14, 11, 18);
INSERT INTO CharacterItem (idCharacter, idSlot, idItem) VALUES (15, 7, 40);
INSERT INTO CharacterItem (idCharacter, idSlot, idItem) VALUES (15, 8, 25);
INSERT INTO CharacterItem (idCharacter, idSlot, idItem) VALUES (15, 9, 27);
INSERT INTO CharacterItem (idCharacter, idSlot, idItem) VALUES (15, 10, 32);
INSERT INTO CharacterItem (idCharacter, idSlot, idItem) VALUES (15, 10, 40);
INSERT INTO CharacterItem (idCharacter, idSlot, idItem) VALUES (15, 11, 11);
INSERT INTO CharacterItem (idCharacter, idSlot, idItem) VALUES (15, 11, 32);
INSERT INTO CharacterItem (idCharacter, idSlot, idItem) VALUES (16, 7, 40);
INSERT INTO CharacterItem (idCharacter, idSlot, idItem) VALUES (16, 8, 19);
INSERT INTO CharacterItem (idCharacter, idSlot, idItem) VALUES (16, 9, 36);
INSERT INTO CharacterItem (idCharacter, idSlot, idItem) VALUES (16, 10, 15);
INSERT INTO CharacterItem (idCharacter, idSlot, idItem) VALUES (16, 10, 42);
INSERT INTO CharacterItem (idCharacter, idSlot, idItem) VALUES (16, 11, 15);
INSERT INTO CharacterItem (idCharacter, idSlot, idItem) VALUES (16, 11, 40);
INSERT INTO CharacterItem (idCharacter, idSlot, idItem) VALUES (17, 7, 36);
INSERT INTO CharacterItem (idCharacter, idSlot, idItem) VALUES (17, 8, 37);
INSERT INTO CharacterItem (idCharacter, idSlot, idItem) VALUES (17, 9, 15);
INSERT INTO CharacterItem (idCharacter, idSlot, idItem) VALUES (17, 10, 15);
INSERT INTO CharacterItem (idCharacter, idSlot, idItem) VALUES (17, 10, 36);
INSERT INTO CharacterItem (idCharacter, idSlot, idItem) VALUES (17, 11, 32);
INSERT INTO CharacterItem (idCharacter, idSlot, idItem) VALUES (17, 11, 36);
INSERT INTO CharacterItem (idCharacter, idSlot, idItem) VALUES (18, 7, 6);
INSERT INTO CharacterItem (idCharacter, idSlot, idItem) VALUES (18, 7, 32);
INSERT INTO CharacterItem (idCharacter, idSlot, idItem) VALUES (18, 8, 20);
INSERT INTO CharacterItem (idCharacter, idSlot, idItem) VALUES (18, 9, 6);
INSERT INTO CharacterItem (idCharacter, idSlot, idItem) VALUES (18, 10, 6);
INSERT INTO CharacterItem (idCharacter, idSlot, idItem) VALUES (18, 10, 25);
INSERT INTO CharacterItem (idCharacter, idSlot, idItem) VALUES (18, 11, 42);
INSERT INTO CharacterItem (idCharacter, idSlot, idItem) VALUES (19, 7, 34);
INSERT INTO CharacterItem (idCharacter, idSlot, idItem) VALUES (19, 8, 27);
INSERT INTO CharacterItem (idCharacter, idSlot, idItem) VALUES (19, 9, 21);
INSERT INTO CharacterItem (idCharacter, idSlot, idItem) VALUES (19, 10, 27);
INSERT INTO CharacterItem (idCharacter, idSlot, idItem) VALUES (19, 10, 34);
INSERT INTO CharacterItem (idCharacter, idSlot, idItem) VALUES (19, 11, 21);
INSERT INTO CharacterItem (idCharacter, idSlot, idItem) VALUES (19, 11, 27);
INSERT INTO CharacterItem (idCharacter, idSlot, idItem) VALUES (20, 7, 22);
INSERT INTO CharacterItem (idCharacter, idSlot, idItem) VALUES (20, 8, 39);
INSERT INTO CharacterItem (idCharacter, idSlot, idItem) VALUES (20, 9, 32);
INSERT INTO CharacterItem (idCharacter, idSlot, idItem) VALUES (20, 10, 20);
INSERT INTO CharacterItem (idCharacter, idSlot, idItem) VALUES (20, 11, 6);
INSERT INTO CharacterItem (idCharacter, idSlot, idItem) VALUES (20, 11, 22);
INSERT INTO CharacterItem (idCharacter, idSlot, idItem) VALUES (21, 7, 25);
INSERT INTO CharacterItem (idCharacter, idSlot, idItem) VALUES (21, 8, 34);
INSERT INTO CharacterItem (idCharacter, idSlot, idItem) VALUES (21, 9, 11);
INSERT INTO CharacterItem (idCharacter, idSlot, idItem) VALUES (21, 9, 31);
INSERT INTO CharacterItem (idCharacter, idSlot, idItem) VALUES (21, 10, 11);
INSERT INTO CharacterItem (idCharacter, idSlot, idItem) VALUES (21, 11, 31);
INSERT INTO CharacterItem (idCharacter, idSlot, idItem) VALUES (22, 7, 7);
INSERT INTO CharacterItem (idCharacter, idSlot, idItem) VALUES (22, 8, 15);
INSERT INTO CharacterItem (idCharacter, idSlot, idItem) VALUES (22, 9, 12);
INSERT INTO CharacterItem (idCharacter, idSlot, idItem) VALUES (22, 9, 15);
INSERT INTO CharacterItem (idCharacter, idSlot, idItem) VALUES (22, 10, 15);
INSERT INTO CharacterItem (idCharacter, idSlot, idItem) VALUES (22, 10, 42);
INSERT INTO CharacterItem (idCharacter, idSlot, idItem) VALUES (22, 11, 11);
INSERT INTO CharacterItem (idCharacter, idSlot, idItem) VALUES (22, 11, 15);
INSERT INTO CharacterItem (idCharacter, idSlot, idItem) VALUES (23, 7, 24);
INSERT INTO CharacterItem (idCharacter, idSlot, idItem) VALUES (23, 8, 22);
INSERT INTO CharacterItem (idCharacter, idSlot, idItem) VALUES (23, 9, 16);
INSERT INTO CharacterItem (idCharacter, idSlot, idItem) VALUES (23, 10, 1);
INSERT INTO CharacterItem (idCharacter, idSlot, idItem) VALUES (23, 10, 24);
INSERT INTO CharacterItem (idCharacter, idSlot, idItem) VALUES (23, 11, 1);
INSERT INTO CharacterItem (idCharacter, idSlot, idItem) VALUES (23, 11, 16);
INSERT INTO CharacterItem (idCharacter, idSlot, idItem) VALUES (24, 7, 22);
INSERT INTO CharacterItem (idCharacter, idSlot, idItem) VALUES (24, 8, 17);
INSERT INTO CharacterItem (idCharacter, idSlot, idItem) VALUES (24, 9, 17);
INSERT INTO CharacterItem (idCharacter, idSlot, idItem) VALUES (24, 9, 22);
INSERT INTO CharacterItem (idCharacter, idSlot, idItem) VALUES (24, 10, 22);
INSERT INTO CharacterItem (idCharacter, idSlot, idItem) VALUES (24, 10, 34);
INSERT INTO CharacterItem (idCharacter, idSlot, idItem) VALUES (24, 11, 17);
INSERT INTO CharacterItem (idCharacter, idSlot, idItem) VALUES (24, 11, 34);
INSERT INTO CharacterItem (idCharacter, idSlot, idItem) VALUES (25, 7, 17);
INSERT INTO CharacterItem (idCharacter, idSlot, idItem) VALUES (25, 7, 34);
INSERT INTO CharacterItem (idCharacter, idSlot, idItem) VALUES (25, 8, 25);
INSERT INTO CharacterItem (idCharacter, idSlot, idItem) VALUES (25, 8, 34);
INSERT INTO CharacterItem (idCharacter, idSlot, idItem) VALUES (25, 9, 15);
INSERT INTO CharacterItem (idCharacter, idSlot, idItem) VALUES (25, 9, 34);
INSERT INTO CharacterItem (idCharacter, idSlot, idItem) VALUES (25, 10, 7);
INSERT INTO CharacterItem (idCharacter, idSlot, idItem) VALUES (25, 11, 34);
INSERT INTO CharacterItem (idCharacter, idSlot, idItem) VALUES (26, 7, 34);
INSERT INTO CharacterItem (idCharacter, idSlot, idItem) VALUES (26, 8, 27);
INSERT INTO CharacterItem (idCharacter, idSlot, idItem) VALUES (26, 9, 21);
INSERT INTO CharacterItem (idCharacter, idSlot, idItem) VALUES (26, 10, 21);
INSERT INTO CharacterItem (idCharacter, idSlot, idItem) VALUES (26, 10, 32);
INSERT INTO CharacterItem (idCharacter, idSlot, idItem) VALUES (26, 11, 25);
INSERT INTO CharacterItem (idCharacter, idSlot, idItem) VALUES (27, 7, 11);
INSERT INTO CharacterItem (idCharacter, idSlot, idItem) VALUES (27, 8, 11);
INSERT INTO CharacterItem (idCharacter, idSlot, idItem) VALUES (27, 8, 25);
INSERT INTO CharacterItem (idCharacter, idSlot, idItem) VALUES (27, 9, 11);
INSERT INTO CharacterItem (idCharacter, idSlot, idItem) VALUES (27, 9, 36);
INSERT INTO CharacterItem (idCharacter, idSlot, idItem) VALUES (27, 10, 25);
INSERT INTO CharacterItem (idCharacter, idSlot, idItem) VALUES (27, 10, 36);
INSERT INTO CharacterItem (idCharacter, idSlot, idItem) VALUES (27, 11, 11);
INSERT INTO CharacterItem (idCharacter, idSlot, idItem) VALUES (27, 11, 32);
INSERT INTO CharacterItem (idCharacter, idSlot, idItem) VALUES (28, 7, 25);
INSERT INTO CharacterItem (idCharacter, idSlot, idItem) VALUES (28, 8, 14);
INSERT INTO CharacterItem (idCharacter, idSlot, idItem) VALUES (28, 8, 32);
INSERT INTO CharacterItem (idCharacter, idSlot, idItem) VALUES (28, 9, 11);
INSERT INTO CharacterItem (idCharacter, idSlot, idItem) VALUES (28, 9, 32);
INSERT INTO CharacterItem (idCharacter, idSlot, idItem) VALUES (28, 10, 11);
INSERT INTO CharacterItem (idCharacter, idSlot, idItem) VALUES (28, 10, 35);
INSERT INTO CharacterItem (idCharacter, idSlot, idItem) VALUES (28, 11, 35);
INSERT INTO CharacterItem (idCharacter, idSlot, idItem) VALUES (29, 7, 42);
INSERT INTO CharacterItem (idCharacter, idSlot, idItem) VALUES (29, 8, 15);
INSERT INTO CharacterItem (idCharacter, idSlot, idItem) VALUES (29, 9, 7);
INSERT INTO CharacterItem (idCharacter, idSlot, idItem) VALUES (29, 9, 42);
INSERT INTO CharacterItem (idCharacter, idSlot, idItem) VALUES (29, 10, 32);
INSERT INTO CharacterItem (idCharacter, idSlot, idItem) VALUES (29, 10, 42);
INSERT INTO CharacterItem (idCharacter, idSlot, idItem) VALUES (29, 11, 7);
INSERT INTO CharacterItem (idCharacter, idSlot, idItem) VALUES (30, 7, 40);
INSERT INTO CharacterItem (idCharacter, idSlot, idItem) VALUES (30, 8, 15);
INSERT INTO CharacterItem (idCharacter, idSlot, idItem) VALUES (30, 8, 40);
INSERT INTO CharacterItem (idCharacter, idSlot, idItem) VALUES (30, 9, 25);
INSERT INTO CharacterItem (idCharacter, idSlot, idItem) VALUES (30, 9, 40);
INSERT INTO CharacterItem (idCharacter, idSlot, idItem) VALUES (30, 10, 32);
INSERT INTO CharacterItem (idCharacter, idSlot, idItem) VALUES (30, 10, 40);
INSERT INTO CharacterItem (idCharacter, idSlot, idItem) VALUES (30, 11, 15);
INSERT INTO CharacterItem (idCharacter, idSlot, idItem) VALUES (30, 11, 25);
INSERT INTO CharacterItem (idCharacter, idSlot, idItem) VALUES (31, 7, 7);
INSERT INTO CharacterItem (idCharacter, idSlot, idItem) VALUES (31, 8, 25);
INSERT INTO CharacterItem (idCharacter, idSlot, idItem) VALUES (31, 9, 19);
INSERT INTO CharacterItem (idCharacter, idSlot, idItem) VALUES (31, 10, 15);
INSERT INTO CharacterItem (idCharacter, idSlot, idItem) VALUES (31, 11, 35);
INSERT INTO CharacterItem (idCharacter, idSlot, idItem) VALUES (32, 7, 25);
INSERT INTO CharacterItem (idCharacter, idSlot, idItem) VALUES (32, 8, 11);
INSERT INTO CharacterItem (idCharacter, idSlot, idItem) VALUES (32, 9, 19);
INSERT INTO CharacterItem (idCharacter, idSlot, idItem) VALUES (32, 10, 11);
INSERT INTO CharacterItem (idCharacter, idSlot, idItem) VALUES (32, 10, 35);
INSERT INTO CharacterItem (idCharacter, idSlot, idItem) VALUES (32, 11, 35);
INSERT INTO CharacterItem (idCharacter, idSlot, idItem) VALUES (33, 7, 1);
INSERT INTO CharacterItem (idCharacter, idSlot, idItem) VALUES (33, 7, 25);
INSERT INTO CharacterItem (idCharacter, idSlot, idItem) VALUES (33, 8, 1);
INSERT INTO CharacterItem (idCharacter, idSlot, idItem) VALUES (33, 8, 32);
INSERT INTO CharacterItem (idCharacter, idSlot, idItem) VALUES (33, 9, 11);
INSERT INTO CharacterItem (idCharacter, idSlot, idItem) VALUES (33, 10, 25);
INSERT INTO CharacterItem (idCharacter, idSlot, idItem) VALUES (33, 10, 32);
INSERT INTO CharacterItem (idCharacter, idSlot, idItem) VALUES (33, 11, 14);
INSERT INTO CharacterItem (idCharacter, idSlot, idItem) VALUES (33, 11, 32);
INSERT INTO CharacterItem (idCharacter, idSlot, idItem) VALUES (34, 7, 40);
INSERT INTO CharacterItem (idCharacter, idSlot, idItem) VALUES (34, 8, 25);
INSERT INTO CharacterItem (idCharacter, idSlot, idItem) VALUES (34, 9, 15);
INSERT INTO CharacterItem (idCharacter, idSlot, idItem) VALUES (34, 9, 42);
INSERT INTO CharacterItem (idCharacter, idSlot, idItem) VALUES (34, 10, 11);
INSERT INTO CharacterItem (idCharacter, idSlot, idItem) VALUES (34, 10, 15);
INSERT INTO CharacterItem (idCharacter, idSlot, idItem) VALUES (34, 11, 15);
INSERT INTO CharacterItem (idCharacter, idSlot, idItem) VALUES (35, 7, 9);
INSERT INTO CharacterItem (idCharacter, idSlot, idItem) VALUES (35, 8, 32);
INSERT INTO CharacterItem (idCharacter, idSlot, idItem) VALUES (35, 9, 10);
INSERT INTO CharacterItem (idCharacter, idSlot, idItem) VALUES (35, 10, 9);
INSERT INTO CharacterItem (idCharacter, idSlot, idItem) VALUES (35, 10, 40);
INSERT INTO CharacterItem (idCharacter, idSlot, idItem) VALUES (35, 11, 9);
INSERT INTO CharacterItem (idCharacter, idSlot, idItem) VALUES (35, 11, 32);
INSERT INTO CharacterItem (idCharacter, idSlot, idItem) VALUES (36, 7, 22);
INSERT INTO CharacterItem (idCharacter, idSlot, idItem) VALUES (36, 8, 3);
INSERT INTO CharacterItem (idCharacter, idSlot, idItem) VALUES (36, 9, 32);
INSERT INTO CharacterItem (idCharacter, idSlot, idItem) VALUES (36, 10, 3);
INSERT INTO CharacterItem (idCharacter, idSlot, idItem) VALUES (36, 10, 22);
INSERT INTO CharacterItem (idCharacter, idSlot, idItem) VALUES (36, 11, 22);
INSERT INTO CharacterItem (idCharacter, idSlot, idItem) VALUES (36, 11, 32);
INSERT INTO CharacterItem (idCharacter, idSlot, idItem) VALUES (37, 7, 39);
INSERT INTO CharacterItem (idCharacter, idSlot, idItem) VALUES (37, 8, 9);
INSERT INTO CharacterItem (idCharacter, idSlot, idItem) VALUES (37, 9, 9);
INSERT INTO CharacterItem (idCharacter, idSlot, idItem) VALUES (37, 9, 39);
INSERT INTO CharacterItem (idCharacter, idSlot, idItem) VALUES (37, 10, 32);
INSERT INTO CharacterItem (idCharacter, idSlot, idItem) VALUES (37, 10, 39);
INSERT INTO CharacterItem (idCharacter, idSlot, idItem) VALUES (37, 11, 9);
INSERT INTO CharacterItem (idCharacter, idSlot, idItem) VALUES (37, 11, 40);
INSERT INTO CharacterItem (idCharacter, idSlot, idItem) VALUES (38, 7, 11);
INSERT INTO CharacterItem (idCharacter, idSlot, idItem) VALUES (38, 8, 11);
INSERT INTO CharacterItem (idCharacter, idSlot, idItem) VALUES (38, 8, 32);
INSERT INTO CharacterItem (idCharacter, idSlot, idItem) VALUES (38, 9, 11);
INSERT INTO CharacterItem (idCharacter, idSlot, idItem) VALUES (38, 9, 36);
INSERT INTO CharacterItem (idCharacter, idSlot, idItem) VALUES (38, 10, 37);
INSERT INTO CharacterItem (idCharacter, idSlot, idItem) VALUES (38, 11, 15);
INSERT INTO CharacterItem (idCharacter, idSlot, idItem) VALUES (39, 7, 11);
INSERT INTO CharacterItem (idCharacter, idSlot, idItem) VALUES (39, 8, 11);
INSERT INTO CharacterItem (idCharacter, idSlot, idItem) VALUES (39, 8, 34);
INSERT INTO CharacterItem (idCharacter, idSlot, idItem) VALUES (39, 9, 11);
INSERT INTO CharacterItem (idCharacter, idSlot, idItem) VALUES (39, 9, 17);
INSERT INTO CharacterItem (idCharacter, idSlot, idItem) VALUES (39, 10, 11);
INSERT INTO CharacterItem (idCharacter, idSlot, idItem) VALUES (39, 10, 25);
INSERT INTO CharacterItem (idCharacter, idSlot, idItem) VALUES (39, 11, 17);
INSERT INTO CharacterItem (idCharacter, idSlot, idItem) VALUES (39, 11, 34);
INSERT INTO CharacterItem (idCharacter, idSlot, idItem) VALUES (40, 7, 32);
INSERT INTO CharacterItem (idCharacter, idSlot, idItem) VALUES (40, 8, 6);
INSERT INTO CharacterItem (idCharacter, idSlot, idItem) VALUES (40, 9, 10);
INSERT INTO CharacterItem (idCharacter, idSlot, idItem) VALUES (40, 10, 30);
INSERT INTO CharacterItem (idCharacter, idSlot, idItem) VALUES (40, 11, 6);
INSERT INTO CharacterItem (idCharacter, idSlot, idItem) VALUES (40, 11, 32);
INSERT INTO CharacterItem (idCharacter, idSlot, idItem) VALUES (41, 7, 34);
INSERT INTO CharacterItem (idCharacter, idSlot, idItem) VALUES (41, 8, 1);
INSERT INTO CharacterItem (idCharacter, idSlot, idItem) VALUES (41, 9, 7);
INSERT INTO CharacterItem (idCharacter, idSlot, idItem) VALUES (41, 10, 19);
INSERT INTO CharacterItem (idCharacter, idSlot, idItem) VALUES (41, 11, 25);
INSERT INTO CharacterItem (idCharacter, idSlot, idItem) VALUES (42, 7, 25);
INSERT INTO CharacterItem (idCharacter, idSlot, idItem) VALUES (42, 8, 19);
INSERT INTO CharacterItem (idCharacter, idSlot, idItem) VALUES (42, 9, 11);
INSERT INTO CharacterItem (idCharacter, idSlot, idItem) VALUES (42, 9, 35);
INSERT INTO CharacterItem (idCharacter, idSlot, idItem) VALUES (42, 10, 11);
INSERT INTO CharacterItem (idCharacter, idSlot, idItem) VALUES (42, 11, 11);
INSERT INTO CharacterItem (idCharacter, idSlot, idItem) VALUES (42, 11, 25);
INSERT INTO CharacterItem (idCharacter, idSlot, idItem) VALUES (43, 7, 21);
INSERT INTO CharacterItem (idCharacter, idSlot, idItem) VALUES (43, 8, 21);
INSERT INTO CharacterItem (idCharacter, idSlot, idItem) VALUES (43, 8, 34);
INSERT INTO CharacterItem (idCharacter, idSlot, idItem) VALUES (43, 9, 21);
INSERT INTO CharacterItem (idCharacter, idSlot, idItem) VALUES (43, 9, 27);
INSERT INTO CharacterItem (idCharacter, idSlot, idItem) VALUES (43, 10, 27);
INSERT INTO CharacterItem (idCharacter, idSlot, idItem) VALUES (43, 10, 34);
INSERT INTO CharacterItem (idCharacter, idSlot, idItem) VALUES (43, 11, 19);
INSERT INTO CharacterItem (idCharacter, idSlot, idItem) VALUES (44, 7, 11);
INSERT INTO CharacterItem (idCharacter, idSlot, idItem) VALUES (44, 8, 11);
INSERT INTO CharacterItem (idCharacter, idSlot, idItem) VALUES (44, 8, 25);
INSERT INTO CharacterItem (idCharacter, idSlot, idItem) VALUES (44, 9, 11);
INSERT INTO CharacterItem (idCharacter, idSlot, idItem) VALUES (44, 9, 36);
INSERT INTO CharacterItem (idCharacter, idSlot, idItem) VALUES (44, 10, 25);
INSERT INTO CharacterItem (idCharacter, idSlot, idItem) VALUES (44, 10, 36);
INSERT INTO CharacterItem (idCharacter, idSlot, idItem) VALUES (44, 11, 37);
INSERT INTO CharacterItem (idCharacter, idSlot, idItem) VALUES (45, 7, 25);
INSERT INTO CharacterItem (idCharacter, idSlot, idItem) VALUES (45, 8, 11);
INSERT INTO CharacterItem (idCharacter, idSlot, idItem) VALUES (45, 9, 6);
INSERT INTO CharacterItem (idCharacter, idSlot, idItem) VALUES (45, 10, 11);
INSERT INTO CharacterItem (idCharacter, idSlot, idItem) VALUES (45, 10, 25);
INSERT INTO CharacterItem (idCharacter, idSlot, idItem) VALUES (45, 11, 6);
INSERT INTO CharacterItem (idCharacter, idSlot, idItem) VALUES (45, 11, 25);
INSERT INTO CharacterItem (idCharacter, idSlot, idItem) VALUES (46, 7, 25);
INSERT INTO CharacterItem (idCharacter, idSlot, idItem) VALUES (46, 8, 11);
INSERT INTO CharacterItem (idCharacter, idSlot, idItem) VALUES (46, 9, 34);
INSERT INTO CharacterItem (idCharacter, idSlot, idItem) VALUES (46, 10, 11);
INSERT INTO CharacterItem (idCharacter, idSlot, idItem) VALUES (46, 10, 34);
INSERT INTO CharacterItem (idCharacter, idSlot, idItem) VALUES (46, 11, 11);
INSERT INTO CharacterItem (idCharacter, idSlot, idItem) VALUES (46, 11, 35);
INSERT INTO CharacterItem (idCharacter, idSlot, idItem) VALUES (47, 7, 25);
INSERT INTO CharacterItem (idCharacter, idSlot, idItem) VALUES (47, 8, 34);
INSERT INTO CharacterItem (idCharacter, idSlot, idItem) VALUES (47, 9, 27);
INSERT INTO CharacterItem (idCharacter, idSlot, idItem) VALUES (47, 10, 11);
INSERT INTO CharacterItem (idCharacter, idSlot, idItem) VALUES (47, 10, 32);
INSERT INTO CharacterItem (idCharacter, idSlot, idItem) VALUES (47, 11, 11);
INSERT INTO CharacterItem (idCharacter, idSlot, idItem) VALUES (47, 11, 27);
INSERT INTO CharacterItem (idCharacter, idSlot, idItem) VALUES (48, 7, 25);
INSERT INTO CharacterItem (idCharacter, idSlot, idItem) VALUES (48, 8, 33);
INSERT INTO CharacterItem (idCharacter, idSlot, idItem) VALUES (48, 9, 34);
INSERT INTO CharacterItem (idCharacter, idSlot, idItem) VALUES (48, 9, 41);
INSERT INTO CharacterItem (idCharacter, idSlot, idItem) VALUES (48, 10, 27);
INSERT INTO CharacterItem (idCharacter, idSlot, idItem) VALUES (48, 10, 34);
INSERT INTO CharacterItem (idCharacter, idSlot, idItem) VALUES (48, 11, 34);
INSERT INTO CharacterItem (idCharacter, idSlot, idItem) VALUES (49, 7, 3);
INSERT INTO CharacterItem (idCharacter, idSlot, idItem) VALUES (49, 7, 25);
INSERT INTO CharacterItem (idCharacter, idSlot, idItem) VALUES (49, 8, 11);
INSERT INTO CharacterItem (idCharacter, idSlot, idItem) VALUES (49, 9, 3);
INSERT INTO CharacterItem (idCharacter, idSlot, idItem) VALUES (49, 9, 32);
INSERT INTO CharacterItem (idCharacter, idSlot, idItem) VALUES (49, 10, 25);
INSERT INTO CharacterItem (idCharacter, idSlot, idItem) VALUES (49, 10, 32);
INSERT INTO CharacterItem (idCharacter, idSlot, idItem) VALUES (49, 11, 3);
INSERT INTO CharacterItem (idCharacter, idSlot, idItem) VALUES (49, 11, 11);
INSERT INTO CharacterItem (idCharacter, idSlot, idItem) VALUES (50, 7, 7);
INSERT INTO CharacterItem (idCharacter, idSlot, idItem) VALUES (50, 8, 25);
INSERT INTO CharacterItem (idCharacter, idSlot, idItem) VALUES (50, 9, 34);
INSERT INTO CharacterItem (idCharacter, idSlot, idItem) VALUES (50, 10, 19);
INSERT INTO CharacterItem (idCharacter, idSlot, idItem) VALUES (50, 11, 15);
INSERT INTO CharacterItem (idCharacter, idSlot, idItem) VALUES (51, 7, 25);
INSERT INTO CharacterItem (idCharacter, idSlot, idItem) VALUES (51, 8, 11);
INSERT INTO CharacterItem (idCharacter, idSlot, idItem) VALUES (51, 8, 34);
INSERT INTO CharacterItem (idCharacter, idSlot, idItem) VALUES (51, 9, 21);
INSERT INTO CharacterItem (idCharacter, idSlot, idItem) VALUES (51, 9, 34);
INSERT INTO CharacterItem (idCharacter, idSlot, idItem) VALUES (51, 10, 21);
INSERT INTO CharacterItem (idCharacter, idSlot, idItem) VALUES (51, 11, 11);
INSERT INTO CharacterItem (idCharacter, idSlot, idItem) VALUES (51, 11, 21);
INSERT INTO CharacterItem (idCharacter, idSlot, idItem) VALUES (52, 7, 25);
INSERT INTO CharacterItem (idCharacter, idSlot, idItem) VALUES (52, 8, 7);
INSERT INTO CharacterItem (idCharacter, idSlot, idItem) VALUES (52, 9, 19);
INSERT INTO CharacterItem (idCharacter, idSlot, idItem) VALUES (52, 10, 35);
INSERT INTO CharacterItem (idCharacter, idSlot, idItem) VALUES (52, 11, 11);
INSERT INTO CharacterItem (idCharacter, idSlot, idItem) VALUES (52, 11, 35);
INSERT INTO CharacterItem (idCharacter, idSlot, idItem) VALUES (53, 7, 40);
INSERT INTO CharacterItem (idCharacter, idSlot, idItem) VALUES (53, 8, 25);
INSERT INTO CharacterItem (idCharacter, idSlot, idItem) VALUES (53, 9, 11);
INSERT INTO CharacterItem (idCharacter, idSlot, idItem) VALUES (53, 10, 34);
INSERT INTO CharacterItem (idCharacter, idSlot, idItem) VALUES (53, 11, 11);
INSERT INTO CharacterItem (idCharacter, idSlot, idItem) VALUES (53, 11, 35);
INSERT INTO CharacterItem (idCharacter, idSlot, idItem) VALUES (54, 7, 16);
INSERT INTO CharacterItem (idCharacter, idSlot, idItem) VALUES (54, 8, 32);
INSERT INTO CharacterItem (idCharacter, idSlot, idItem) VALUES (54, 8, 36);
INSERT INTO CharacterItem (idCharacter, idSlot, idItem) VALUES (54, 9, 15);
INSERT INTO CharacterItem (idCharacter, idSlot, idItem) VALUES (54, 9, 36);
INSERT INTO CharacterItem (idCharacter, idSlot, idItem) VALUES (54, 10, 37);
INSERT INTO CharacterItem (idCharacter, idSlot, idItem) VALUES (54, 11, 36);
INSERT INTO CharacterItem (idCharacter, idSlot, idItem) VALUES (55, 7, 28);
INSERT INTO CharacterItem (idCharacter, idSlot, idItem) VALUES (55, 8, 28);
INSERT INTO CharacterItem (idCharacter, idSlot, idItem) VALUES (55, 9, 4);
INSERT INTO CharacterItem (idCharacter, idSlot, idItem) VALUES (55, 9, 28);
INSERT INTO CharacterItem (idCharacter, idSlot, idItem) VALUES (55, 10, 16);
INSERT INTO CharacterItem (idCharacter, idSlot, idItem) VALUES (55, 10, 28);
INSERT INTO CharacterItem (idCharacter, idSlot, idItem) VALUES (55, 11, 28);
INSERT INTO CharacterItem (idCharacter, idSlot, idItem) VALUES (55, 11, 32);
INSERT INTO CharacterItem (idCharacter, idSlot, idItem) VALUES (56, 7, 35);
INSERT INTO CharacterItem (idCharacter, idSlot, idItem) VALUES (56, 8, 25);
INSERT INTO CharacterItem (idCharacter, idSlot, idItem) VALUES (56, 9, 11);
INSERT INTO CharacterItem (idCharacter, idSlot, idItem) VALUES (56, 9, 35);
INSERT INTO CharacterItem (idCharacter, idSlot, idItem) VALUES (56, 10, 18);
INSERT INTO CharacterItem (idCharacter, idSlot, idItem) VALUES (56, 11, 11);
INSERT INTO CharacterItem (idCharacter, idSlot, idItem) VALUES (56, 11, 18);
INSERT INTO CharacterItem (idCharacter, idSlot, idItem) VALUES (57, 7, 40);
INSERT INTO CharacterItem (idCharacter, idSlot, idItem) VALUES (57, 8, 25);
INSERT INTO CharacterItem (idCharacter, idSlot, idItem) VALUES (57, 9, 15);
INSERT INTO CharacterItem (idCharacter, idSlot, idItem) VALUES (57, 9, 42);
INSERT INTO CharacterItem (idCharacter, idSlot, idItem) VALUES (57, 10, 15);
INSERT INTO CharacterItem (idCharacter, idSlot, idItem) VALUES (57, 11, 11);
INSERT INTO CharacterItem (idCharacter, idSlot, idItem) VALUES (57, 11, 15);
INSERT INTO CharacterItem (idCharacter, idSlot, idItem) VALUES (58, 7, 11);
INSERT INTO CharacterItem (idCharacter, idSlot, idItem) VALUES (58, 8, 3);
INSERT INTO CharacterItem (idCharacter, idSlot, idItem) VALUES (58, 8, 25);
INSERT INTO CharacterItem (idCharacter, idSlot, idItem) VALUES (58, 9, 11);
INSERT INTO CharacterItem (idCharacter, idSlot, idItem) VALUES (58, 9, 25);
INSERT INTO CharacterItem (idCharacter, idSlot, idItem) VALUES (58, 10, 25);
INSERT INTO CharacterItem (idCharacter, idSlot, idItem) VALUES (58, 11, 19);
INSERT INTO CharacterItem (idCharacter, idSlot, idItem) VALUES (59, 7, 7);
INSERT INTO CharacterItem (idCharacter, idSlot, idItem) VALUES (59, 8, 27);
INSERT INTO CharacterItem (idCharacter, idSlot, idItem) VALUES (59, 9, 12);
INSERT INTO CharacterItem (idCharacter, idSlot, idItem) VALUES (59, 10, 19);
INSERT INTO CharacterItem (idCharacter, idSlot, idItem) VALUES (59, 11, 15);
INSERT INTO CharacterItem (idCharacter, idSlot, idItem) VALUES (60, 7, 34);
INSERT INTO CharacterItem (idCharacter, idSlot, idItem) VALUES (60, 7, 41);
INSERT INTO CharacterItem (idCharacter, idSlot, idItem) VALUES (60, 8, 19);
INSERT INTO CharacterItem (idCharacter, idSlot, idItem) VALUES (60, 9, 7);
INSERT INTO CharacterItem (idCharacter, idSlot, idItem) VALUES (60, 10, 25);
INSERT INTO CharacterItem (idCharacter, idSlot, idItem) VALUES (61, 7, 12);
INSERT INTO CharacterItem (idCharacter, idSlot, idItem) VALUES (61, 8, 15);
INSERT INTO CharacterItem (idCharacter, idSlot, idItem) VALUES (61, 9, 12);
INSERT INTO CharacterItem (idCharacter, idSlot, idItem) VALUES (61, 9, 15);
INSERT INTO CharacterItem (idCharacter, idSlot, idItem) VALUES (61, 10, 36);
INSERT INTO CharacterItem (idCharacter, idSlot, idItem) VALUES (61, 11, 19);
INSERT INTO CharacterItem (idCharacter, idSlot, idItem) VALUES (62, 7, 34);
INSERT INTO CharacterItem (idCharacter, idSlot, idItem) VALUES (62, 8, 25);
INSERT INTO CharacterItem (idCharacter, idSlot, idItem) VALUES (62, 9, 3);
INSERT INTO CharacterItem (idCharacter, idSlot, idItem) VALUES (62, 9, 34);
INSERT INTO CharacterItem (idCharacter, idSlot, idItem) VALUES (62, 10, 11);
INSERT INTO CharacterItem (idCharacter, idSlot, idItem) VALUES (62, 10, 34);
INSERT INTO CharacterItem (idCharacter, idSlot, idItem) VALUES (62, 11, 3);
INSERT INTO CharacterItem (idCharacter, idSlot, idItem) VALUES (62, 11, 11);
INSERT INTO CharacterItem (idCharacter, idSlot, idItem) VALUES (63, 7, 36);
INSERT INTO CharacterItem (idCharacter, idSlot, idItem) VALUES (63, 8, 15);
INSERT INTO CharacterItem (idCharacter, idSlot, idItem) VALUES (63, 9, 37);
INSERT INTO CharacterItem (idCharacter, idSlot, idItem) VALUES (63, 10, 15);
INSERT INTO CharacterItem (idCharacter, idSlot, idItem) VALUES (63, 10, 36);
INSERT INTO CharacterItem (idCharacter, idSlot, idItem) VALUES (63, 11, 32);
INSERT INTO CharacterItem (idCharacter, idSlot, idItem) VALUES (63, 11, 36);
INSERT INTO CharacterItem (idCharacter, idSlot, idItem) VALUES (64, 7, 40);
INSERT INTO CharacterItem (idCharacter, idSlot, idItem) VALUES (64, 8, 19);
INSERT INTO CharacterItem (idCharacter, idSlot, idItem) VALUES (64, 9, 25);
INSERT INTO CharacterItem (idCharacter, idSlot, idItem) VALUES (64, 10, 15);
INSERT INTO CharacterItem (idCharacter, idSlot, idItem) VALUES (64, 10, 40);
INSERT INTO CharacterItem (idCharacter, idSlot, idItem) VALUES (64, 11, 15);
INSERT INTO CharacterItem (idCharacter, idSlot, idItem) VALUES (64, 11, 42);
INSERT INTO CharacterItem (idCharacter, idSlot, idItem) VALUES (65, 7, 25);
INSERT INTO CharacterItem (idCharacter, idSlot, idItem) VALUES (65, 8, 27);
INSERT INTO CharacterItem (idCharacter, idSlot, idItem) VALUES (65, 9, 21);
INSERT INTO CharacterItem (idCharacter, idSlot, idItem) VALUES (65, 10, 21);
INSERT INTO CharacterItem (idCharacter, idSlot, idItem) VALUES (65, 10, 27);
INSERT INTO CharacterItem (idCharacter, idSlot, idItem) VALUES (65, 11, 35);
INSERT INTO CharacterItem (idCharacter, idSlot, idItem) VALUES (66, 7, 1);
INSERT INTO CharacterItem (idCharacter, idSlot, idItem) VALUES (66, 7, 11);
INSERT INTO CharacterItem (idCharacter, idSlot, idItem) VALUES (66, 8, 1);
INSERT INTO CharacterItem (idCharacter, idSlot, idItem) VALUES (66, 8, 25);
INSERT INTO CharacterItem (idCharacter, idSlot, idItem) VALUES (66, 9, 1);
INSERT INTO CharacterItem (idCharacter, idSlot, idItem) VALUES (66, 9, 32);
INSERT INTO CharacterItem (idCharacter, idSlot, idItem) VALUES (66, 10, 1);
INSERT INTO CharacterItem (idCharacter, idSlot, idItem) VALUES (66, 11, 11);
INSERT INTO CharacterItem (idCharacter, idSlot, idItem) VALUES (67, 7, 18);
INSERT INTO CharacterItem (idCharacter, idSlot, idItem) VALUES (67, 8, 30);
INSERT INTO CharacterItem (idCharacter, idSlot, idItem) VALUES (67, 9, 14);
INSERT INTO CharacterItem (idCharacter, idSlot, idItem) VALUES (67, 10, 1);
INSERT INTO CharacterItem (idCharacter, idSlot, idItem) VALUES (67, 10, 18);
INSERT INTO CharacterItem (idCharacter, idSlot, idItem) VALUES (67, 11, 14);
INSERT INTO CharacterItem (idCharacter, idSlot, idItem) VALUES (67, 11, 18);
INSERT INTO CharacterItem (idCharacter, idSlot, idItem) VALUES (68, 7, 28);
INSERT INTO CharacterItem (idCharacter, idSlot, idItem) VALUES (68, 8, 14);
INSERT INTO CharacterItem (idCharacter, idSlot, idItem) VALUES (68, 9, 4);
INSERT INTO CharacterItem (idCharacter, idSlot, idItem) VALUES (68, 9, 28);
INSERT INTO CharacterItem (idCharacter, idSlot, idItem) VALUES (68, 10, 14);
INSERT INTO CharacterItem (idCharacter, idSlot, idItem) VALUES (68, 10, 28);
INSERT INTO CharacterItem (idCharacter, idSlot, idItem) VALUES (68, 11, 14);
INSERT INTO CharacterItem (idCharacter, idSlot, idItem) VALUES (68, 11, 32);
INSERT INTO CharacterItem (idCharacter, idSlot, idItem) VALUES (69, 7, 3);
INSERT INTO CharacterItem (idCharacter, idSlot, idItem) VALUES (69, 8, 25);
INSERT INTO CharacterItem (idCharacter, idSlot, idItem) VALUES (69, 9, 3);
INSERT INTO CharacterItem (idCharacter, idSlot, idItem) VALUES (69, 9, 25);
INSERT INTO CharacterItem (idCharacter, idSlot, idItem) VALUES (69, 10, 3);
INSERT INTO CharacterItem (idCharacter, idSlot, idItem) VALUES (69, 10, 32);
INSERT INTO CharacterItem (idCharacter, idSlot, idItem) VALUES (69, 11, 25);
INSERT INTO CharacterItem (idCharacter, idSlot, idItem) VALUES (69, 11, 32);
INSERT INTO CharacterItem (idCharacter, idSlot, idItem) VALUES (70, 7, 11);
INSERT INTO CharacterItem (idCharacter, idSlot, idItem) VALUES (70, 8, 25);
INSERT INTO CharacterItem (idCharacter, idSlot, idItem) VALUES (70, 9, 25);
INSERT INTO CharacterItem (idCharacter, idSlot, idItem) VALUES (70, 9, 36);
INSERT INTO CharacterItem (idCharacter, idSlot, idItem) VALUES (70, 10, 25);
INSERT INTO CharacterItem (idCharacter, idSlot, idItem) VALUES (70, 10, 32);
INSERT INTO CharacterItem (idCharacter, idSlot, idItem) VALUES (70, 11, 32);
INSERT INTO CharacterItem (idCharacter, idSlot, idItem) VALUES (70, 11, 36);
INSERT INTO CharacterItem (idCharacter, idSlot, idItem) VALUES (71, 7, 40);
INSERT INTO CharacterItem (idCharacter, idSlot, idItem) VALUES (71, 8, 25);
INSERT INTO CharacterItem (idCharacter, idSlot, idItem) VALUES (71, 9, 11);
INSERT INTO CharacterItem (idCharacter, idSlot, idItem) VALUES (71, 9, 21);
INSERT INTO CharacterItem (idCharacter, idSlot, idItem) VALUES (71, 10, 21);
INSERT INTO CharacterItem (idCharacter, idSlot, idItem) VALUES (71, 10, 27);
INSERT INTO CharacterItem (idCharacter, idSlot, idItem) VALUES (71, 11, 21);
INSERT INTO CharacterItem (idCharacter, idSlot, idItem) VALUES (72, 7, 40);
INSERT INTO CharacterItem (idCharacter, idSlot, idItem) VALUES (72, 8, 19);
INSERT INTO CharacterItem (idCharacter, idSlot, idItem) VALUES (72, 9, 15);
INSERT INTO CharacterItem (idCharacter, idSlot, idItem) VALUES (72, 9, 42);
INSERT INTO CharacterItem (idCharacter, idSlot, idItem) VALUES (72, 10, 15);
INSERT INTO CharacterItem (idCharacter, idSlot, idItem) VALUES (72, 11, 15);
INSERT INTO CharacterItem (idCharacter, idSlot, idItem) VALUES (72, 11, 40);
INSERT INTO CharacterItem (idCharacter, idSlot, idItem) VALUES (73, 7, 25);
INSERT INTO CharacterItem (idCharacter, idSlot, idItem) VALUES (73, 8, 11);
INSERT INTO CharacterItem (idCharacter, idSlot, idItem) VALUES (73, 8, 34);
INSERT INTO CharacterItem (idCharacter, idSlot, idItem) VALUES (73, 9, 19);
INSERT INTO CharacterItem (idCharacter, idSlot, idItem) VALUES (73, 10, 11);
INSERT INTO CharacterItem (idCharacter, idSlot, idItem) VALUES (73, 11, 11);
INSERT INTO CharacterItem (idCharacter, idSlot, idItem) VALUES (73, 11, 35);
INSERT INTO CharacterItem (idCharacter, idSlot, idItem) VALUES (74, 7, 11);
INSERT INTO CharacterItem (idCharacter, idSlot, idItem) VALUES (74, 8, 6);
INSERT INTO CharacterItem (idCharacter, idSlot, idItem) VALUES (74, 9, 6);
INSERT INTO CharacterItem (idCharacter, idSlot, idItem) VALUES (74, 9, 11);
INSERT INTO CharacterItem (idCharacter, idSlot, idItem) VALUES (74, 10, 11);
INSERT INTO CharacterItem (idCharacter, idSlot, idItem) VALUES (74, 10, 25);
INSERT INTO CharacterItem (idCharacter, idSlot, idItem) VALUES (74, 11, 6);
INSERT INTO CharacterItem (idCharacter, idSlot, idItem) VALUES (74, 11, 25);
INSERT INTO CharacterItem (idCharacter, idSlot, idItem) VALUES (75, 7, 11);
INSERT INTO CharacterItem (idCharacter, idSlot, idItem) VALUES (75, 8, 25);
INSERT INTO CharacterItem (idCharacter, idSlot, idItem) VALUES (75, 9, 11);
INSERT INTO CharacterItem (idCharacter, idSlot, idItem) VALUES (75, 9, 25);
INSERT INTO CharacterItem (idCharacter, idSlot, idItem) VALUES (75, 10, 11);
INSERT INTO CharacterItem (idCharacter, idSlot, idItem) VALUES (75, 10, 17);
INSERT INTO CharacterItem (idCharacter, idSlot, idItem) VALUES (75, 11, 17);
INSERT INTO CharacterItem (idCharacter, idSlot, idItem) VALUES (75, 11, 25);
INSERT INTO CharacterItem (idCharacter, idSlot, idItem) VALUES (76, 7, 4);
INSERT INTO CharacterItem (idCharacter, idSlot, idItem) VALUES (76, 7, 28);
INSERT INTO CharacterItem (idCharacter, idSlot, idItem) VALUES (76, 8, 28);
INSERT INTO CharacterItem (idCharacter, idSlot, idItem) VALUES (76, 9, 11);
INSERT INTO CharacterItem (idCharacter, idSlot, idItem) VALUES (76, 9, 28);
INSERT INTO CharacterItem (idCharacter, idSlot, idItem) VALUES (76, 10, 28);
INSERT INTO CharacterItem (idCharacter, idSlot, idItem) VALUES (76, 10, 32);
INSERT INTO CharacterItem (idCharacter, idSlot, idItem) VALUES (76, 11, 25);
INSERT INTO CharacterItem (idCharacter, idSlot, idItem) VALUES (76, 11, 28);
INSERT INTO CharacterItem (idCharacter, idSlot, idItem) VALUES (77, 7, 6);
INSERT INTO CharacterItem (idCharacter, idSlot, idItem) VALUES (77, 8, 15);
INSERT INTO CharacterItem (idCharacter, idSlot, idItem) VALUES (77, 9, 42);
INSERT INTO CharacterItem (idCharacter, idSlot, idItem) VALUES (77, 10, 6);
INSERT INTO CharacterItem (idCharacter, idSlot, idItem) VALUES (77, 10, 15);
INSERT INTO CharacterItem (idCharacter, idSlot, idItem) VALUES (77, 11, 6);
INSERT INTO CharacterItem (idCharacter, idSlot, idItem) VALUES (77, 11, 32);
INSERT INTO CharacterItem (idCharacter, idSlot, idItem) VALUES (78, 7, 7);
INSERT INTO CharacterItem (idCharacter, idSlot, idItem) VALUES (78, 8, 34);
INSERT INTO CharacterItem (idCharacter, idSlot, idItem) VALUES (78, 9, 19);
INSERT INTO CharacterItem (idCharacter, idSlot, idItem) VALUES (78, 10, 11);
INSERT INTO CharacterItem (idCharacter, idSlot, idItem) VALUES (78, 10, 34);
INSERT INTO CharacterItem (idCharacter, idSlot, idItem) VALUES (78, 11, 21);
INSERT INTO CharacterItem (idCharacter, idSlot, idItem) VALUES (78, 11, 34);
INSERT INTO CharacterItem (idCharacter, idSlot, idItem) VALUES (79, 7, 18);
INSERT INTO CharacterItem (idCharacter, idSlot, idItem) VALUES (79, 8, 11);
INSERT INTO CharacterItem (idCharacter, idSlot, idItem) VALUES (79, 8, 18);
INSERT INTO CharacterItem (idCharacter, idSlot, idItem) VALUES (79, 9, 25);
INSERT INTO CharacterItem (idCharacter, idSlot, idItem) VALUES (79, 10, 11);
INSERT INTO CharacterItem (idCharacter, idSlot, idItem) VALUES (79, 10, 35);
INSERT INTO CharacterItem (idCharacter, idSlot, idItem) VALUES (79, 11, 35);

